product_id;AÑO-MES;VENTA REAL;VENTA PREDICHA
321;2023-01;19;
575;2023-01;22;
358;2023-01;14;
209;2023-01;6;
45;2023-01;16;
193;2023-01;43;
430;2023-01;6;
187;2023-01;38;
579;2023-01;16;
224;2023-01;12;
496;2023-01;14;
2;2023-01;2;
184;2023-01;10;
300;2023-01;31;
428;2023-01;18;
543;2023-01;18;
261;2023-01;18;
18;2023-01;6;
181;2023-01;5;
540;2023-01;65;
183;2023-01;6;
278;2023-01;18;
19;2023-01;9;
162;2023-01;9;
186;2023-01;25;
142;2023-01;17;
176;2023-01;4;
285;2023-01;23;
106;2023-01;13;
105;2023-01;26;
202;2023-01;19;
229;2023-01;12;
43;2023-01;12;
338;2023-01;45;
59;2023-01;33;
535;2023-01;11;
519;2023-01;17;
455;2023-01;14;
63;2023-01;14;
258;2023-01;17;
646;2023-01;13;
227;2023-01;5;
104;2023-01;19;
429;2023-01;15;
179;2023-01;1;
355;2023-01;18;
10;2023-01;2;
163;2023-01;12;
557;2023-01;7;
16;2023-01;14;
194;2023-01;12;
571;2023-01;35;
390;2023-01;5;
55;2023-01;1;
400;2023-01;2;
216;2023-01;18;
171;2023-01;22;
314;2023-01;7;
643;2023-01;1;
352;2023-01;2;
443;2023-01;2;
210;2023-01;6;
291;2023-01;19;
546;2023-01;19;
34;2023-01;1;
645;2023-01;12;
218;2023-01;6;
385;2023-01;9;
469;2023-01;17;
655;2023-01;19;
72;2023-01;1;
13;2023-01;42;
534;2023-01;18;
318;2023-01;8;
564;2023-01;28;
290;2023-01;19;
459;2023-01;38;
108;2023-01;5;
577;2023-01;6;
42;2023-01;18;
161;2023-01;17;
128;2023-01;2;
329;2023-01;1;
214;2023-01;11;
141;2023-01;14;
376;2023-01;13;
81;2023-01;21;
73;2023-01;30;
324;2023-01;11;
50;2023-01;2;
80;2023-01;6;
462;2023-01;33;
384;2023-01;8;
548;2023-01;3;
69;2023-01;1;
394;2023-01;16;
461;2023-01;8;
197;2023-01;9;
487;2023-01;12;
465;2023-01;14;
530;2023-01;34;
172;2023-01;14;
115;2023-01;7;
21;2023-01;9;
22;2023-01;7;
54;2023-01;13;
87;2023-01;9;
377;2023-01;2;
426;2023-01;31;
604;2023-01;17;
129;2023-01;9;
613;2023-01;4;
454;2023-01;6;
608;2023-01;2;
273;2023-01;4;
84;2023-01;25;
204;2023-01;18;
401;2023-01;10;
20;2023-01;20;
230;2023-01;1;
29;2023-01;12;
425;2023-01;14;
399;2023-01;18;
269;2023-01;12;
3;2023-01;2;
652;2023-01;12;
332;2023-01;2;
52;2023-01;14;
174;2023-01;1;
234;2023-01;14;
12;2023-01;14;
539;2023-01;35;
580;2023-01;18;
529;2023-01;14;
213;2023-01;4;
372;2023-01;19;
521;2023-01;19;
301;2023-01;6;
61;2023-01;3;
268;2023-01;28;
70;2023-01;13;
408;2023-01;8;
146;2023-01;6;
203;2023-01;5;
650;2023-01;15;
489;2023-01;1;
596;2023-01;11;
38;2023-01;14;
320;2023-01;21;
92;2023-01;7;
185;2023-01;1;
460;2023-01;18;
316;2023-01;15;
572;2023-01;9;
28;2023-01;2;
116;2023-01;26;
319;2023-01;13;
552;2023-01;14;
267;2023-01;13;
475;2023-01;13;
195;2023-01;16;
102;2023-01;5;
79;2023-01;1;
413;2023-01;1;
482;2023-01;7;
27;2023-01;3;
287;2023-01;17;
9;2023-01;19;
5;2023-01;1;
140;2023-01;9;
198;2023-01;3;
649;2023-01;9;
233;2023-01;8;
520;2023-01;6;
569;2023-01;4;
109;2023-01;8;
82;2023-01;2;
419;2023-01;7;
246;2023-01;2;
44;2023-01;9;
133;2023-01;16;
256;2023-01;7;
30;2023-01;17;
594;2023-01;8;
225;2023-01;1;
208;2023-01;9;
253;2023-01;6;
416;2023-01;18;
288;2023-01;12;
260;2023-01;12;
447;2023-01;11;
356;2023-01;15;
335;2023-01;14;
311;2023-01;12;
337;2023-01;9;
412;2023-01;5;
359;2023-01;7;
153;2023-01;15;
251;2023-01;19;
205;2023-01;13;
610;2023-01;14;
259;2023-01;15;
522;2023-01;14;
490;2023-01;14;
7;2023-01;2;
334;2023-01;14;
64;2023-01;1;
526;2023-01;2;
527;2023-01;1;
371;2023-01;4;
156;2023-01;1;
196;2023-01;2;
35;2023-01;12;
431;2023-01;7;
532;2023-01;1;
11;2023-01;1;
262;2023-01;8;
191;2023-01;19;
37;2023-01;13;
113;2023-01;7;
119;2023-01;2;
201;2023-01;1;
57;2023-01;12;
420;2023-01;3;
358;2023-02;1;
430;2023-02;3;
2;2023-02;20;
184;2023-02;20;
300;2023-02;9;
428;2023-02;9;
18;2023-02;16;
181;2023-02;19;
183;2023-02;16;
162;2023-02;7;
142;2023-02;21;
106;2023-02;19;
202;2023-02;1;
43;2023-02;8;
338;2023-02;18;
59;2023-02;2;
519;2023-02;11;
258;2023-02;7;
10;2023-02;22;
163;2023-02;18;
16;2023-02;8;
171;2023-02;14;
314;2023-02;17;
443;2023-02;14;
34;2023-02;27;
645;2023-02;4;
72;2023-02;27;
318;2023-02;9;
459;2023-02;15;
108;2023-02;8;
42;2023-02;13;
161;2023-02;7;
128;2023-02;19;
329;2023-02;3;
73;2023-02;7;
461;2023-02;12;
197;2023-02;16;
530;2023-02;16;
21;2023-02;10;
22;2023-02;7;
54;2023-02;3;
426;2023-02;48;
608;2023-02;5;
84;2023-02;13;
401;2023-02;16;
20;2023-02;15;
425;2023-02;19;
52;2023-02;8;
234;2023-02;1;
539;2023-02;6;
521;2023-02;13;
301;2023-02;6;
61;2023-02;15;
268;2023-02;7;
146;2023-02;1;
203;2023-02;8;
38;2023-02;20;
185;2023-02;2;
460;2023-02;6;
28;2023-02;24;
267;2023-02;12;
195;2023-02;18;
287;2023-02;13;
5;2023-02;11;
140;2023-02;22;
198;2023-02;16;
520;2023-02;23;
419;2023-02;4;
44;2023-02;20;
256;2023-02;1;
288;2023-02;11;
260;2023-02;15;
447;2023-02;35;
335;2023-02;15;
311;2023-02;2;
337;2023-02;2;
412;2023-02;16;
251;2023-02;32;
205;2023-02;2;
527;2023-02;11;
196;2023-02;17;
35;2023-02;11;
431;2023-02;6;
532;2023-02;3;
262;2023-02;5;
191;2023-02;1;
420;2023-02;1;
307;2023-02;8;
617;2023-02;21;
182;2023-02;15;
397;2023-02;6;
14;2023-02;31;
331;2023-02;13;
309;2023-02;27;
62;2023-02;1;
315;2023-02;33;
395;2023-02;3;
173;2023-02;10;
456;2023-02;18;
310;2023-02;1;
615;2023-02;13;
23;2023-02;13;
270;2023-02;16;
323;2023-02;30;
117;2023-02;3;
525;2023-02;14;
114;2023-02;23;
481;2023-02;9;
217;2023-02;11;
25;2023-02;2;
452;2023-02;34;
279;2023-02;11;
551;2023-02;5;
389;2023-02;16;
276;2023-02;9;
417;2023-02;6;
488;2023-02;4;
89;2023-02;17;
524;2023-02;15;
168;2023-02;32;
432;2023-02;16;
154;2023-02;2;
207;2023-02;1;
15;2023-02;19;
1;2023-02;17;
211;2023-02;7;
363;2023-02;44;
8;2023-02;5;
51;2023-02;36;
599;2023-02;9;
479;2023-02;14;
357;2023-02;12;
414;2023-02;21;
26;2023-02;14;
164;2023-02;28;
449;2023-02;15;
592;2023-02;9;
537;2023-02;22;
360;2023-02;4;
160;2023-02;20;
228;2023-02;16;
247;2023-02;19;
393;2023-02;6;
444;2023-02;13;
533;2023-02;13;
402;2023-02;12;
249;2023-02;5;
88;2023-02;14;
308;2023-02;33;
126;2023-02;8;
312;2023-02;18;
609;2023-02;18;
427;2023-02;4;
95;2023-02;22;
313;2023-02;1;
434;2023-02;6;
58;2023-02;19;
328;2023-02;11;
541;2023-02;15;
506;2023-02;11;
189;2023-02;10;
629;2023-02;2;
31;2023-02;3;
466;2023-02;19;
94;2023-02;1;
250;2023-02;2;
112;2023-02;19;
559;2023-02;9;
199;2023-02;1;
305;2023-02;15;
317;2023-02;5;
528;2023-02;18;
618;2023-02;18;
362;2023-02;17;
601;2023-02;2;
266;2023-02;12;
254;2023-02;13;
107;2023-02;15;
255;2023-02;3;
231;2023-02;8;
470;2023-02;9;
657;2023-02;11;
71;2023-02;6;
421;2023-02;5;
605;2023-02;13;
492;2023-02;5;
257;2023-02;16;
654;2023-02;16;
550;2023-02;4;
66;2023-02;18;
641;2023-02;17;
505;2023-02;8;
289;2023-02;11;
170;2023-02;5;
49;2023-02;2;
423;2023-02;7;
76;2023-02;3;
642;2023-02;9;
353;2023-02;5;
188;2023-02;13;
651;2023-02;2;
632;2023-02;8;
46;2023-02;13;
190;2023-02;18;
212;2023-02;2;
396;2023-02;19;
553;2023-02;7;
351;2023-02;2;
220;2023-02;14;
292;2023-02;4;
223;2023-02;2;
380;2023-02;8;
86;2023-02;12;
17;2023-02;32;
40;2023-02;1;
558;2023-02;6;
321;2023-03;8;
358;2023-03;18;
45;2023-03;27;
430;2023-03;24;
187;2023-03;15;
579;2023-03;11;
184;2023-03;13;
428;2023-03;26;
543;2023-03;1;
18;2023-03;11;
540;2023-03;4;
19;2023-03;1;
162;2023-03;18;
186;2023-03;14;
176;2023-03;1;
106;2023-03;12;
43;2023-03;13;
59;2023-03;12;
535;2023-03;17;
519;2023-03;44;
63;2023-03;32;
258;2023-03;13;
646;2023-03;11;
104;2023-03;15;
429;2023-03;18;
179;2023-03;12;
10;2023-03;1;
194;2023-03;6;
55;2023-03;1;
314;2023-03;4;
643;2023-03;3;
534;2023-03;16;
290;2023-03;2;
108;2023-03;22;
161;2023-03;15;
141;2023-03;2;
73;2023-03;15;
50;2023-03;32;
80;2023-03;19;
462;2023-03;38;
69;2023-03;15;
394;2023-03;9;
461;2023-03;2;
21;2023-03;2;
22;2023-03;36;
54;2023-03;5;
87;2023-03;7;
377;2023-03;4;
604;2023-03;16;
613;2023-03;13;
84;2023-03;19;
230;2023-03;7;
29;2023-03;5;
425;2023-03;11;
399;2023-03;6;
234;2023-03;17;
12;2023-03;3;
539;2023-03;19;
301;2023-03;16;
61;2023-03;38;
268;2023-03;17;
408;2023-03;13;
38;2023-03;12;
185;2023-03;4;
460;2023-03;18;
572;2023-03;18;
28;2023-03;9;
116;2023-03;8;
195;2023-03;7;
102;2023-03;8;
413;2023-03;15;
5;2023-03;5;
198;2023-03;4;
649;2023-03;6;
233;2023-03;14;
520;2023-03;28;
569;2023-03;17;
109;2023-03;2;
44;2023-03;22;
256;2023-03;17;
594;2023-03;3;
208;2023-03;44;
253;2023-03;7;
416;2023-03;4;
288;2023-03;14;
311;2023-03;3;
251;2023-03;13;
205;2023-03;6;
259;2023-03;15;
64;2023-03;12;
532;2023-03;22;
262;2023-03;21;
191;2023-03;7;
119;2023-03;11;
182;2023-03;19;
14;2023-03;3;
331;2023-03;13;
62;2023-03;19;
395;2023-03;6;
23;2023-03;31;
270;2023-03;20;
25;2023-03;21;
417;2023-03;2;
432;2023-03;6;
363;2023-03;7;
357;2023-03;11;
26;2023-03;30;
537;2023-03;17;
160;2023-03;8;
393;2023-03;14;
533;2023-03;11;
427;2023-03;4;
313;2023-03;18;
434;2023-03;13;
58;2023-03;1;
328;2023-03;1;
31;2023-03;7;
94;2023-03;12;
199;2023-03;68;
305;2023-03;33;
618;2023-03;59;
266;2023-03;2;
107;2023-03;1;
231;2023-03;16;
657;2023-03;25;
421;2023-03;34;
289;2023-03;2;
170;2023-03;17;
49;2023-03;28;
353;2023-03;24;
188;2023-03;8;
46;2023-03;6;
351;2023-03;12;
223;2023-03;4;
67;2023-03;18;
56;2023-03;8;
523;2023-03;1;
175;2023-03;17;
122;2023-03;2;
90;2023-03;1;
591;2023-03;2;
581;2023-03;11;
476;2023-03;7;
631;2023-03;15;
32;2023-03;34;
598;2023-03;17;
446;2023-03;3;
236;2023-03;20;
295;2023-03;18;
578;2023-03;16;
498;2023-03;15;
573;2023-03;8;
24;2023-03;28;
442;2023-03;2;
586;2023-03;8;
628;2023-03;11;
473;2023-03;1;
166;2023-03;9;
435;2023-03;7;
148;2023-03;1;
458;2023-03;9;
436;2023-03;13;
354;2023-03;8;
497;2023-03;7;
192;2023-03;49;
263;2023-03;11;
157;2023-03;9;
282;2023-03;17;
149;2023-03;18;
556;2023-03;1;
200;2023-03;13;
136;2023-03;13;
178;2023-03;6;
555;2023-03;13;
382;2023-03;18;
167;2023-03;13;
545;2023-03;8;
299;2023-03;17;
232;2023-03;7;
656;2023-03;2;
93;2023-03;4;
375;2023-03;2;
144;2023-03;16;
65;2023-03;4;
445;2023-03;25;
340;2023-03;9;
101;2023-03;27;
245;2023-03;2;
100;2023-03;17;
286;2023-03;21;
135;2023-03;18;
486;2023-03;17;
60;2023-03;13;
381;2023-03;15;
531;2023-03;16;
177;2023-03;19;
78;2023-03;14;
585;2023-03;13;
422;2023-03;18;
74;2023-03;1;
500;2023-03;1;
612;2023-03;1;
143;2023-03;16;
538;2023-03;4;
584;2023-03;4;
272;2023-03;12;
451;2023-03;1;
75;2023-03;2;
437;2023-03;2;
600;2023-03;11;
41;2023-03;15;
271;2023-03;12;
127;2023-03;7;
517;2023-03;3;
542;2023-03;9;
96;2023-03;1;
333;2023-03;1;
619;2023-03;14;
440;2023-03;16;
576;2023-03;8;
339;2023-03;2;
358;2023-04;1;
45;2023-04;16;
193;2023-04;16;
187;2023-04;28;
579;2023-04;18;
2;2023-04;17;
184;2023-04;23;
300;2023-04;6;
543;2023-04;5;
18;2023-04;3;
181;2023-04;12;
540;2023-04;4;
183;2023-04;3;
19;2023-04;8;
186;2023-04;4;
106;2023-04;5;
59;2023-04;14;
535;2023-04;6;
63;2023-04;2;
227;2023-04;15;
179;2023-04;14;
163;2023-04;27;
194;2023-04;16;
571;2023-04;18;
55;2023-04;11;
72;2023-04;3;
13;2023-04;16;
564;2023-04;8;
459;2023-04;4;
108;2023-04;18;
577;2023-04;6;
42;2023-04;29;
161;2023-04;6;
81;2023-04;6;
50;2023-04;5;
384;2023-04;16;
69;2023-04;9;
461;2023-04;20;
530;2023-04;7;
21;2023-04;11;
87;2023-04;17;
377;2023-04;18;
273;2023-04;7;
230;2023-04;33;
29;2023-04;8;
3;2023-04;6;
174;2023-04;2;
580;2023-04;16;
529;2023-04;7;
372;2023-04;19;
268;2023-04;5;
185;2023-04;22;
460;2023-04;8;
116;2023-04;18;
319;2023-04;18;
287;2023-04;28;
140;2023-04;6;
198;2023-04;16;
233;2023-04;40;
520;2023-04;6;
419;2023-04;16;
30;2023-04;3;
416;2023-04;6;
260;2023-04;9;
447;2023-04;3;
335;2023-04;11;
412;2023-04;1;
359;2023-04;3;
205;2023-04;65;
259;2023-04;17;
7;2023-04;30;
64;2023-04;11;
526;2023-04;15;
527;2023-04;11;
196;2023-04;1;
532;2023-04;54;
11;2023-04;4;
262;2023-04;16;
37;2023-04;17;
57;2023-04;1;
420;2023-04;11;
182;2023-04;18;
397;2023-04;26;
173;2023-04;16;
310;2023-04;27;
23;2023-04;2;
270;2023-04;1;
114;2023-04;1;
25;2023-04;1;
432;2023-04;1;
15;2023-04;30;
1;2023-04;1;
211;2023-04;7;
599;2023-04;5;
357;2023-04;2;
26;2023-04;19;
449;2023-04;5;
537;2023-04;13;
360;2023-04;2;
308;2023-04;8;
427;2023-04;4;
95;2023-04;2;
58;2023-04;6;
328;2023-04;7;
31;2023-04;20;
94;2023-04;18;
199;2023-04;1;
305;2023-04;1;
528;2023-04;16;
231;2023-04;1;
71;2023-04;2;
421;2023-04;23;
257;2023-04;8;
550;2023-04;2;
66;2023-04;17;
49;2023-04;42;
423;2023-04;4;
46;2023-04;9;
190;2023-04;26;
351;2023-04;12;
220;2023-04;3;
292;2023-04;4;
380;2023-04;3;
86;2023-04;2;
17;2023-04;7;
122;2023-04;11;
581;2023-04;5;
476;2023-04;6;
32;2023-04;3;
446;2023-04;18;
586;2023-04;8;
458;2023-04;19;
436;2023-04;13;
192;2023-04;1;
263;2023-04;31;
149;2023-04;19;
555;2023-04;8;
545;2023-04;13;
232;2023-04;19;
245;2023-04;2;
60;2023-04;18;
531;2023-04;1;
177;2023-04;2;
422;2023-04;14;
74;2023-04;1;
143;2023-04;3;
41;2023-04;9;
517;2023-04;1;
96;2023-04;14;
333;2023-04;2;
159;2023-04;14;
386;2023-04;15;
483;2023-04;6;
388;2023-04;11;
392;2023-04;28;
293;2023-04;18;
239;2023-04;8;
222;2023-04;2;
398;2023-04;7;
327;2023-04;1;
379;2023-04;19;
48;2023-04;17;
130;2023-04;3;
602;2023-04;12;
150;2023-04;15;
47;2023-04;1;
471;2023-04;5;
587;2023-04;3;
480;2023-04;18;
567;2023-04;2;
111;2023-04;14;
304;2023-04;23;
361;2023-04;7;
238;2023-04;1;
33;2023-04;1;
244;2023-04;12;
544;2023-04;23;
547;2023-04;19;
568;2023-04;6;
560;2023-04;12;
369;2023-04;15;
536;2023-04;13;
561;2023-04;2;
226;2023-04;8;
243;2023-04;17;
637;2023-04;1;
350;2023-04;1;
235;2023-04;3;
6;2023-04;11;
4;2023-04;14;
582;2023-04;6;
131;2023-04;13;
103;2023-04;2;
549;2023-04;3;
563;2023-04;6;
467;2023-04;9;
180;2023-04;6;
120;2023-04;1;
348;2023-04;17;
83;2023-04;17;
433;2023-04;4;
321;2023-05;29;
358;2023-05;11;
45;2023-05;17;
193;2023-05;40;
430;2023-05;13;
184;2023-05;4;
428;2023-05;4;
543;2023-05;12;
261;2023-05;19;
540;2023-05;19;
19;2023-05;2;
176;2023-05;4;
105;2023-05;7;
202;2023-05;20;
43;2023-05;19;
59;2023-05;2;
519;2023-05;17;
63;2023-05;9;
104;2023-05;11;
429;2023-05;12;
179;2023-05;16;
163;2023-05;14;
194;2023-05;23;
400;2023-05;12;
291;2023-05;5;
218;2023-05;7;
385;2023-05;14;
72;2023-05;3;
13;2023-05;11;
534;2023-05;10;
318;2023-05;1;
459;2023-05;19;
108;2023-05;1;
141;2023-05;2;
324;2023-05;1;
50;2023-05;21;
80;2023-05;4;
384;2023-05;3;
69;2023-05;5;
461;2023-05;14;
197;2023-05;36;
530;2023-05;28;
54;2023-05;5;
377;2023-05;35;
613;2023-05;7;
204;2023-05;1;
20;2023-05;2;
29;2023-05;17;
425;2023-05;4;
269;2023-05;2;
332;2023-05;5;
52;2023-05;18;
12;2023-05;34;
372;2023-05;26;
521;2023-05;14;
61;2023-05;18;
203;2023-05;20;
185;2023-05;2;
460;2023-05;24;
316;2023-05;5;
116;2023-05;17;
319;2023-05;24;
482;2023-05;17;
27;2023-05;2;
287;2023-05;23;
198;2023-05;8;
520;2023-05;5;
419;2023-05;5;
208;2023-05;13;
253;2023-05;5;
288;2023-05;13;
260;2023-05;6;
447;2023-05;11;
335;2023-05;2;
412;2023-05;17;
259;2023-05;20;
527;2023-05;2;
196;2023-05;27;
35;2023-05;6;
532;2023-05;9;
191;2023-05;23;
113;2023-05;15;
57;2023-05;42;
420;2023-05;1;
307;2023-05;9;
617;2023-05;37;
331;2023-05;4;
315;2023-05;16;
310;2023-05;6;
279;2023-05;13;
524;2023-05;12;
154;2023-05;11;
15;2023-05;32;
8;2023-05;18;
357;2023-05;8;
26;2023-05;36;
164;2023-05;5;
537;2023-05;7;
393;2023-05;2;
249;2023-05;17;
88;2023-05;1;
308;2023-05;2;
126;2023-05;14;
312;2023-05;17;
427;2023-05;12;
541;2023-05;19;
31;2023-05;16;
250;2023-05;16;
199;2023-05;2;
317;2023-05;9;
362;2023-05;11;
255;2023-05;4;
231;2023-05;3;
657;2023-05;1;
71;2023-05;13;
421;2023-05;18;
49;2023-05;10;
423;2023-05;1;
353;2023-05;17;
188;2023-05;29;
46;2023-05;3;
190;2023-05;17;
523;2023-05;9;
175;2023-05;2;
631;2023-05;3;
573;2023-05;2;
24;2023-05;7;
586;2023-05;15;
628;2023-05;1;
166;2023-05;16;
458;2023-05;2;
354;2023-05;6;
192;2023-05;22;
200;2023-05;22;
178;2023-05;5;
555;2023-05;15;
375;2023-05;2;
144;2023-05;14;
381;2023-05;9;
585;2023-05;15;
500;2023-05;5;
538;2023-05;5;
584;2023-05;1;
437;2023-05;9;
41;2023-05;13;
96;2023-05;18;
333;2023-05;9;
619;2023-05;9;
388;2023-05;5;
327;2023-05;8;
130;2023-05;15;
47;2023-05;24;
587;2023-05;14;
33;2023-05;19;
547;2023-05;12;
369;2023-05;2;
536;2023-05;5;
561;2023-05;1;
6;2023-05;9;
4;2023-05;21;
582;2023-05;3;
563;2023-05;5;
433;2023-05;25;
424;2023-05;19;
248;2023-05;17;
296;2023-05;2;
298;2023-05;7;
169;2023-05;22;
303;2023-05;15;
265;2023-05;25;
478;2023-05;6;
36;2023-05;3;
648;2023-05;2;
404;2023-05;11;
281;2023-05;5;
439;2023-05;14;
366;2023-05;6;
625;2023-05;2;
343;2023-05;3;
391;2023-05;33;
493;2023-05;13;
607;2023-05;6;
219;2023-05;8;
639;2023-05;16;
215;2023-05;7;
330;2023-05;7;
403;2023-05;7;
514;2023-05;2;
407;2023-05;9;
383;2023-05;11;
336;2023-05;12;
124;2023-05;11;
165;2023-05;1;
374;2023-05;8;
653;2023-05;7;
322;2023-05;6;
410;2023-05;14;
242;2023-05;9;
448;2023-05;1;
221;2023-05;1;
457;2023-05;6;
647;2023-05;5;
367;2023-05;12;
501;2023-05;19;
603;2023-05;5;
378;2023-05;17;
450;2023-05;18;
474;2023-05;18;
630;2023-05;14;
145;2023-05;11;
206;2023-05;2;
121;2023-05;19;
321;2023-06;4;
575;2023-06;17;
45;2023-06;14;
193;2023-06;14;
430;2023-06;13;
187;2023-06;11;
496;2023-06;1;
2;2023-06;17;
184;2023-06;27;
428;2023-06;32;
543;2023-06;2;
261;2023-06;14;
18;2023-06;14;
162;2023-06;2;
186;2023-06;12;
142;2023-06;1;
106;2023-06;20;
202;2023-06;19;
43;2023-06;2;
338;2023-06;19;
59;2023-06;6;
535;2023-06;32;
519;2023-06;18;
455;2023-06;1;
63;2023-06;1;
258;2023-06;1;
646;2023-06;5;
179;2023-06;31;
10;2023-06;8;
163;2023-06;11;
194;2023-06;13;
55;2023-06;17;
34;2023-06;17;
13;2023-06;12;
534;2023-06;30;
318;2023-06;16;
42;2023-06;14;
141;2023-06;21;
462;2023-06;3;
384;2023-06;16;
548;2023-06;13;
69;2023-06;1;
394;2023-06;3;
461;2023-06;9;
197;2023-06;19;
487;2023-06;18;
172;2023-06;6;
54;2023-06;12;
377;2023-06;25;
426;2023-06;8;
129;2023-06;14;
454;2023-06;3;
401;2023-06;6;
230;2023-06;6;
29;2023-06;20;
3;2023-06;2;
52;2023-06;20;
12;2023-06;15;
580;2023-06;12;
372;2023-06;6;
301;2023-06;18;
268;2023-06;3;
70;2023-06;1;
596;2023-06;17;
92;2023-06;45;
185;2023-06;9;
28;2023-06;9;
116;2023-06;9;
319;2023-06;26;
195;2023-06;12;
102;2023-06;12;
413;2023-06;22;
287;2023-06;26;
140;2023-06;7;
198;2023-06;19;
233;2023-06;18;
419;2023-06;13;
44;2023-06;11;
225;2023-06;15;
288;2023-06;9;
260;2023-06;14;
447;2023-06;14;
359;2023-06;16;
251;2023-06;7;
259;2023-06;29;
334;2023-06;7;
35;2023-06;9;
431;2023-06;24;
191;2023-06;1;
37;2023-06;2;
201;2023-06;35;
420;2023-06;6;
307;2023-06;18;
617;2023-06;22;
331;2023-06;1;
62;2023-06;9;
395;2023-06;7;
173;2023-06;13;
23;2023-06;14;
270;2023-06;8;
25;2023-06;5;
389;2023-06;22;
432;2023-06;26;
207;2023-06;8;
15;2023-06;1;
1;2023-06;11;
51;2023-06;4;
164;2023-06;13;
449;2023-06;14;
360;2023-06;14;
228;2023-06;11;
247;2023-06;4;
533;2023-06;4;
402;2023-06;9;
427;2023-06;3;
95;2023-06;7;
313;2023-06;2;
434;2023-06;11;
328;2023-06;17;
541;2023-06;1;
506;2023-06;13;
31;2023-06;9;
94;2023-06;3;
250;2023-06;19;
112;2023-06;18;
528;2023-06;8;
618;2023-06;2;
266;2023-06;18;
107;2023-06;14;
231;2023-06;9;
657;2023-06;1;
421;2023-06;5;
505;2023-06;10;
289;2023-06;6;
642;2023-06;15;
632;2023-06;13;
46;2023-06;17;
190;2023-06;13;
553;2023-06;19;
292;2023-06;4;
380;2023-06;15;
17;2023-06;5;
40;2023-06;16;
56;2023-06;19;
175;2023-06;3;
90;2023-06;18;
32;2023-06;16;
573;2023-06;2;
473;2023-06;8;
435;2023-06;9;
200;2023-06;8;
178;2023-06;4;
167;2023-06;6;
232;2023-06;21;
93;2023-06;4;
65;2023-06;8;
60;2023-06;6;
177;2023-06;20;
78;2023-06;5;
422;2023-06;42;
500;2023-06;13;
143;2023-06;5;
41;2023-06;5;
542;2023-06;10;
96;2023-06;11;
333;2023-06;1;
159;2023-06;5;
483;2023-06;7;
239;2023-06;4;
222;2023-06;14;
398;2023-06;9;
48;2023-06;17;
111;2023-06;26;
304;2023-06;35;
361;2023-06;1;
568;2023-06;16;
6;2023-06;19;
4;2023-06;3;
103;2023-06;6;
83;2023-06;31;
433;2023-06;1;
424;2023-06;25;
169;2023-06;18;
303;2023-06;19;
281;2023-06;3;
343;2023-06;12;
607;2023-06;9;
330;2023-06;8;
407;2023-06;2;
165;2023-06;13;
448;2023-06;19;
450;2023-06;9;
145;2023-06;5;
99;2023-06;18;
347;2023-06;34;
503;2023-06;16;
302;2023-06;40;
638;2023-06;17;
325;2023-06;1;
264;2023-06;17;
240;2023-06;19;
507;2023-06;7;
499;2023-06;3;
409;2023-06;6;
91;2023-06;6;
370;2023-06;19;
123;2023-06;16;
593;2023-06;20;
634;2023-06;19;
151;2023-06;16;
606;2023-06;2;
125;2023-06;14;
406;2023-06;3;
574;2023-06;3;
624;2023-06;18;
588;2023-06;13;
77;2023-06;11;
368;2023-06;15;
237;2023-06;15;
294;2023-06;11;
152;2023-06;3;
575;2023-07;6;
45;2023-07;12;
430;2023-07;13;
187;2023-07;21;
224;2023-07;17;
496;2023-07;12;
261;2023-07;13;
18;2023-07;1;
540;2023-07;6;
19;2023-07;17;
162;2023-07;4;
186;2023-07;22;
106;2023-07;11;
105;2023-07;9;
202;2023-07;12;
229;2023-07;6;
338;2023-07;19;
455;2023-07;9;
258;2023-07;6;
646;2023-07;19;
429;2023-07;2;
179;2023-07;1;
10;2023-07;7;
16;2023-07;4;
571;2023-07;16;
34;2023-07;12;
469;2023-07;4;
655;2023-07;19;
13;2023-07;7;
318;2023-07;12;
564;2023-07;1;
290;2023-07;14;
459;2023-07;18;
108;2023-07;10;
577;2023-07;1;
42;2023-07;19;
161;2023-07;23;
329;2023-07;1;
73;2023-07;14;
69;2023-07;7;
461;2023-07;10;
197;2023-07;37;
172;2023-07;5;
21;2023-07;1;
22;2023-07;32;
54;2023-07;14;
426;2023-07;11;
20;2023-07;3;
29;2023-07;11;
399;2023-07;1;
3;2023-07;13;
539;2023-07;6;
372;2023-07;13;
521;2023-07;18;
61;2023-07;12;
268;2023-07;9;
489;2023-07;11;
38;2023-07;17;
320;2023-07;1;
92;2023-07;14;
185;2023-07;12;
460;2023-07;5;
316;2023-07;2;
572;2023-07;8;
28;2023-07;6;
475;2023-07;2;
102;2023-07;16;
413;2023-07;27;
287;2023-07;15;
140;2023-07;18;
649;2023-07;3;
109;2023-07;17;
82;2023-07;34;
44;2023-07;13;
256;2023-07;19;
30;2023-07;7;
260;2023-07;19;
447;2023-07;12;
337;2023-07;8;
412;2023-07;23;
359;2023-07;17;
251;2023-07;12;
610;2023-07;15;
259;2023-07;11;
490;2023-07;2;
7;2023-07;14;
527;2023-07;4;
35;2023-07;4;
532;2023-07;4;
262;2023-07;2;
191;2023-07;2;
37;2023-07;13;
201;2023-07;18;
57;2023-07;2;
420;2023-07;6;
307;2023-07;14;
182;2023-07;5;
14;2023-07;4;
331;2023-07;8;
173;2023-07;8;
23;2023-07;12;
270;2023-07;43;
117;2023-07;16;
25;2023-07;1;
276;2023-07;18;
89;2023-07;9;
168;2023-07;13;
432;2023-07;5;
15;2023-07;18;
1;2023-07;17;
51;2023-07;4;
160;2023-07;36;
533;2023-07;18;
402;2023-07;7;
249;2023-07;17;
308;2023-07;6;
126;2023-07;15;
312;2023-07;18;
95;2023-07;6;
58;2023-07;4;
541;2023-07;13;
189;2023-07;23;
250;2023-07;7;
317;2023-07;1;
528;2023-07;2;
618;2023-07;17;
362;2023-07;3;
231;2023-07;16;
421;2023-07;18;
492;2023-07;5;
289;2023-07;9;
49;2023-07;27;
423;2023-07;19;
76;2023-07;11;
46;2023-07;14;
396;2023-07;12;
553;2023-07;13;
292;2023-07;13;
380;2023-07;7;
17;2023-07;19;
67;2023-07;11;
175;2023-07;2;
90;2023-07;4;
32;2023-07;7;
446;2023-07;13;
578;2023-07;14;
166;2023-07;16;
148;2023-07;11;
192;2023-07;14;
382;2023-07;28;
167;2023-07;17;
232;2023-07;6;
93;2023-07;16;
65;2023-07;1;
340;2023-07;14;
100;2023-07;32;
177;2023-07;18;
585;2023-07;19;
584;2023-07;11;
41;2023-07;25;
271;2023-07;12;
127;2023-07;1;
542;2023-07;12;
96;2023-07;6;
440;2023-07;18;
483;2023-07;2;
293;2023-07;7;
222;2023-07;3;
130;2023-07;23;
602;2023-07;11;
47;2023-07;21;
480;2023-07;2;
33;2023-07;25;
544;2023-07;18;
226;2023-07;35;
235;2023-07;5;
4;2023-07;4;
131;2023-07;21;
103;2023-07;9;
549;2023-07;1;
120;2023-07;18;
433;2023-07;4;
424;2023-07;2;
296;2023-07;19;
298;2023-07;19;
478;2023-07;7;
36;2023-07;12;
391;2023-07;7;
403;2023-07;15;
336;2023-07;14;
410;2023-07;14;
450;2023-07;17;
302;2023-07;11;
264;2023-07;1;
409;2023-07;37;
91;2023-07;23;
370;2023-07;13;
406;2023-07;2;
574;2023-07;9;
418;2023-07;2;
583;2023-07;15;
326;2023-07;4;
284;2023-07;3;
494;2023-07;23;
502;2023-07;15;
283;2023-07;14;
365;2023-07;23;
241;2023-07;14;
597;2023-07;18;
158;2023-07;1;
622;2023-07;1;
275;2023-07;9;
640;2023-07;2;
636;2023-07;1;
346;2023-07;1;
342;2023-07;15;
137;2023-07;4;
565;2023-07;6;
53;2023-07;4;
554;2023-07;19;
570;2023-07;12;
387;2023-07;2;
252;2023-07;15;
644;2023-07;12;
373;2023-07;1;
589;2023-07;14;
595;2023-07;9;
321;2023-08;21;
575;2023-08;1;
193;2023-08;7;
2;2023-08;12;
428;2023-08;14;
261;2023-08;2;
540;2023-08;22;
183;2023-08;19;
162;2023-08;4;
176;2023-08;20;
105;2023-08;14;
43;2023-08;28;
59;2023-08;1;
519;2023-08;4;
258;2023-08;25;
104;2023-08;7;
429;2023-08;4;
10;2023-08;23;
163;2023-08;13;
194;2023-08;13;
390;2023-08;14;
216;2023-08;16;
314;2023-08;15;
352;2023-08;4;
443;2023-08;19;
291;2023-08;15;
546;2023-08;20;
13;2023-08;15;
290;2023-08;3;
459;2023-08;14;
577;2023-08;34;
42;2023-08;19;
161;2023-08;10;
128;2023-08;13;
141;2023-08;19;
376;2023-08;5;
73;2023-08;6;
80;2023-08;1;
465;2023-08;7;
530;2023-08;17;
172;2023-08;17;
115;2023-08;8;
21;2023-08;16;
87;2023-08;17;
377;2023-08;15;
454;2023-08;18;
401;2023-08;15;
230;2023-08;12;
269;2023-08;6;
652;2023-08;7;
52;2023-08;22;
174;2023-08;18;
234;2023-08;5;
12;2023-08;17;
529;2023-08;2;
301;2023-08;7;
61;2023-08;1;
203;2023-08;3;
650;2023-08;11;
38;2023-08;1;
92;2023-08;14;
185;2023-08;29;
572;2023-08;32;
28;2023-08;24;
116;2023-08;11;
319;2023-08;17;
552;2023-08;16;
102;2023-08;32;
413;2023-08;10;
9;2023-08;14;
649;2023-08;15;
233;2023-08;15;
520;2023-08;15;
44;2023-08;4;
256;2023-08;12;
225;2023-08;14;
208;2023-08;8;
260;2023-08;11;
356;2023-08;13;
335;2023-08;14;
311;2023-08;1;
337;2023-08;19;
251;2023-08;2;
205;2023-08;15;
522;2023-08;6;
7;2023-08;7;
196;2023-08;26;
35;2023-08;1;
191;2023-08;13;
113;2023-08;7;
57;2023-08;19;
420;2023-08;31;
397;2023-08;15;
14;2023-08;4;
62;2023-08;2;
395;2023-08;9;
310;2023-08;5;
23;2023-08;9;
270;2023-08;19;
481;2023-08;16;
25;2023-08;12;
276;2023-08;3;
89;2023-08;7;
168;2023-08;26;
15;2023-08;5;
1;2023-08;16;
363;2023-08;4;
51;2023-08;9;
357;2023-08;5;
414;2023-08;16;
449;2023-08;9;
592;2023-08;8;
360;2023-08;18;
160;2023-08;6;
533;2023-08;15;
249;2023-08;11;
427;2023-08;19;
95;2023-08;8;
434;2023-08;7;
58;2023-08;8;
506;2023-08;19;
466;2023-08;2;
94;2023-08;11;
199;2023-08;39;
305;2023-08;8;
317;2023-08;18;
528;2023-08;38;
618;2023-08;18;
362;2023-08;9;
107;2023-08;3;
255;2023-08;14;
421;2023-08;12;
257;2023-08;16;
289;2023-08;3;
170;2023-08;1;
49;2023-08;16;
423;2023-08;12;
46;2023-08;4;
212;2023-08;16;
396;2023-08;8;
380;2023-08;1;
56;2023-08;11;
175;2023-08;1;
581;2023-08;21;
476;2023-08;2;
295;2023-08;14;
24;2023-08;1;
458;2023-08;16;
192;2023-08;27;
200;2023-08;2;
555;2023-08;16;
167;2023-08;5;
545;2023-08;1;
232;2023-08;14;
93;2023-08;12;
65;2023-08;5;
101;2023-08;9;
135;2023-08;19;
78;2023-08;8;
422;2023-08;18;
538;2023-08;12;
127;2023-08;13;
542;2023-08;9;
96;2023-08;13;
339;2023-08;17;
483;2023-08;15;
398;2023-08;8;
379;2023-08;2;
150;2023-08;5;
47;2023-08;12;
471;2023-08;11;
587;2023-08;11;
238;2023-08;19;
244;2023-08;6;
536;2023-08;16;
561;2023-08;12;
235;2023-08;9;
4;2023-08;11;
582;2023-08;14;
563;2023-08;2;
180;2023-08;13;
83;2023-08;3;
433;2023-08;14;
265;2023-08;5;
36;2023-08;17;
366;2023-08;5;
639;2023-08;17;
330;2023-08;52;
242;2023-08;16;
221;2023-08;7;
647;2023-08;1;
501;2023-08;2;
603;2023-08;4;
378;2023-08;13;
294;2023-08;8;
152;2023-08;14;
418;2023-08;7;
502;2023-08;17;
283;2023-08;1;
241;2023-08;8;
53;2023-08;6;
566;2023-08;18;
155;2023-08;6;
504;2023-08;17;
68;2023-08;31;
463;2023-08;12;
364;2023-08;2;
411;2023-08;5;
477;2023-08;25;
611;2023-08;13;
468;2023-08;4;
614;2023-08;6;
516;2023-08;13;
280;2023-08;14;
147;2023-08;1;
627;2023-08;5;
626;2023-08;1;
438;2023-08;1;
110;2023-08;13;
575;2023-09;36;
209;2023-09;3;
45;2023-09;21;
193;2023-09;3;
430;2023-09;16;
579;2023-09;16;
496;2023-09;2;
428;2023-09;15;
543;2023-09;2;
18;2023-09;6;
181;2023-09;13;
540;2023-09;4;
183;2023-09;5;
19;2023-09;5;
162;2023-09;16;
186;2023-09;17;
176;2023-09;19;
106;2023-09;7;
105;2023-09;2;
43;2023-09;18;
59;2023-09;33;
455;2023-09;6;
63;2023-09;16;
258;2023-09;11;
646;2023-09;3;
429;2023-09;35;
355;2023-09;1;
10;2023-09;12;
194;2023-09;16;
390;2023-09;1;
546;2023-09;16;
655;2023-09;5;
72;2023-09;15;
13;2023-09;3;
534;2023-09;12;
564;2023-09;18;
290;2023-09;16;
459;2023-09;22;
108;2023-09;21;
42;2023-09;15;
161;2023-09;1;
329;2023-09;7;
81;2023-09;5;
73;2023-09;2;
69;2023-09;9;
461;2023-09;14;
197;2023-09;2;
530;2023-09;16;
21;2023-09;1;
377;2023-09;15;
129;2023-09;11;
454;2023-09;1;
20;2023-09;13;
29;2023-09;1;
399;2023-09;3;
3;2023-09;8;
652;2023-09;33;
332;2023-09;20;
52;2023-09;1;
12;2023-09;33;
539;2023-09;26;
580;2023-09;6;
521;2023-09;27;
268;2023-09;9;
70;2023-09;8;
408;2023-09;15;
320;2023-09;27;
185;2023-09;16;
316;2023-09;10;
28;2023-09;1;
116;2023-09;17;
319;2023-09;1;
195;2023-09;36;
27;2023-09;18;
287;2023-09;7;
9;2023-09;15;
5;2023-09;3;
198;2023-09;37;
649;2023-09;5;
520;2023-09;14;
44;2023-09;8;
30;2023-09;7;
416;2023-09;9;
260;2023-09;1;
335;2023-09;22;
311;2023-09;13;
359;2023-09;6;
153;2023-09;2;
610;2023-09;8;
7;2023-09;11;
334;2023-09;27;
371;2023-09;8;
196;2023-09;7;
431;2023-09;15;
532;2023-09;16;
262;2023-09;16;
191;2023-09;5;
37;2023-09;2;
57;2023-09;14;
420;2023-09;12;
617;2023-09;28;
182;2023-09;4;
14;2023-09;4;
331;2023-09;2;
309;2023-09;18;
62;2023-09;2;
270;2023-09;2;
217;2023-09;18;
389;2023-09;1;
276;2023-09;18;
89;2023-09;19;
207;2023-09;2;
1;2023-09;16;
8;2023-09;9;
51;2023-09;13;
414;2023-09;9;
164;2023-09;31;
537;2023-09;8;
160;2023-09;14;
402;2023-09;9;
249;2023-09;2;
88;2023-09;16;
312;2023-09;2;
427;2023-09;14;
313;2023-09;7;
189;2023-09;6;
629;2023-09;4;
94;2023-09;17;
199;2023-09;36;
317;2023-09;9;
528;2023-09;17;
618;2023-09;39;
231;2023-09;25;
421;2023-09;1;
654;2023-09;18;
423;2023-09;6;
190;2023-09;15;
351;2023-09;13;
292;2023-09;2;
380;2023-09;15;
17;2023-09;19;
558;2023-09;1;
175;2023-09;6;
90;2023-09;4;
446;2023-09;6;
295;2023-09;14;
24;2023-09;11;
497;2023-09;19;
192;2023-09;19;
157;2023-09;9;
556;2023-09;13;
200;2023-09;17;
232;2023-09;11;
93;2023-09;12;
445;2023-09;14;
486;2023-09;5;
60;2023-09;2;
585;2023-09;5;
422;2023-09;17;
612;2023-09;1;
538;2023-09;9;
584;2023-09;22;
600;2023-09;18;
576;2023-09;1;
339;2023-09;12;
159;2023-09;16;
392;2023-09;16;
327;2023-09;13;
379;2023-09;7;
130;2023-09;19;
304;2023-09;1;
361;2023-09;4;
561;2023-09;23;
6;2023-09;2;
4;2023-09;14;
582;2023-09;12;
131;2023-09;4;
103;2023-09;13;
563;2023-09;1;
467;2023-09;12;
433;2023-09;7;
424;2023-09;25;
248;2023-09;5;
169;2023-09;26;
36;2023-09;7;
404;2023-09;12;
625;2023-09;16;
391;2023-09;11;
330;2023-09;13;
403;2023-09;14;
383;2023-09;12;
165;2023-09;16;
322;2023-09;2;
378;2023-09;9;
450;2023-09;13;
630;2023-09;14;
145;2023-09;2;
99;2023-09;6;
503;2023-09;9;
302;2023-09;17;
264;2023-09;16;
91;2023-09;17;
574;2023-09;8;
241;2023-09;16;
158;2023-09;8;
53;2023-09;6;
570;2023-09;7;
627;2023-09;9;
438;2023-09;17;
349;2023-09;2;
472;2023-09;21;
274;2023-09;13;
341;2023-09;2;
620;2023-09;21;
132;2023-09;1;
633;2023-09;8;
491;2023-09;6;
85;2023-09;19;
415;2023-09;2;
297;2023-09;17;
118;2023-09;18;
358;2023-10;15;
430;2023-10;6;
187;2023-10;9;
2;2023-10;7;
428;2023-10;17;
543;2023-10;35;
261;2023-10;11;
540;2023-10;13;
183;2023-10;2;
19;2023-10;17;
162;2023-10;8;
186;2023-10;21;
142;2023-10;17;
176;2023-10;1;
105;2023-10;1;
202;2023-10;11;
43;2023-10;5;
535;2023-10;8;
519;2023-10;2;
63;2023-10;13;
258;2023-10;9;
10;2023-10;19;
163;2023-10;12;
16;2023-10;1;
194;2023-10;19;
55;2023-10;26;
400;2023-10;7;
171;2023-10;16;
291;2023-10;18;
546;2023-10;7;
655;2023-10;1;
13;2023-10;9;
318;2023-10;17;
290;2023-10;14;
459;2023-10;16;
108;2023-10;25;
577;2023-10;14;
161;2023-10;7;
214;2023-10;14;
141;2023-10;2;
73;2023-10;1;
50;2023-10;16;
80;2023-10;19;
69;2023-10;9;
197;2023-10;2;
530;2023-10;23;
22;2023-10;25;
129;2023-10;8;
273;2023-10;6;
20;2023-10;6;
425;2023-10;24;
52;2023-10;6;
234;2023-10;1;
539;2023-10;4;
529;2023-10;20;
372;2023-10;14;
301;2023-10;3;
61;2023-10;15;
268;2023-10;11;
203;2023-10;8;
38;2023-10;18;
320;2023-10;15;
92;2023-10;8;
185;2023-10;4;
460;2023-10;19;
316;2023-10;1;
572;2023-10;15;
28;2023-10;2;
475;2023-10;18;
79;2023-10;2;
27;2023-10;2;
287;2023-10;13;
5;2023-10;8;
198;2023-10;2;
649;2023-10;19;
233;2023-10;1;
520;2023-10;30;
419;2023-10;1;
44;2023-10;2;
133;2023-10;2;
256;2023-10;11;
208;2023-10;15;
288;2023-10;27;
260;2023-10;18;
337;2023-10;19;
412;2023-10;32;
251;2023-10;42;
259;2023-10;19;
334;2023-10;4;
527;2023-10;6;
156;2023-10;14;
196;2023-10;8;
35;2023-10;6;
532;2023-10;30;
11;2023-10;6;
262;2023-10;5;
191;2023-10;8;
37;2023-10;16;
57;2023-10;13;
420;2023-10;6;
397;2023-10;11;
14;2023-10;2;
173;2023-10;8;
23;2023-10;16;
525;2023-10;2;
25;2023-10;38;
488;2023-10;6;
207;2023-10;28;
363;2023-10;18;
51;2023-10;64;
414;2023-10;2;
164;2023-10;22;
449;2023-10;4;
537;2023-10;1;
160;2023-10;16;
247;2023-10;8;
444;2023-10;14;
249;2023-10;13;
308;2023-10;14;
427;2023-10;67;
58;2023-10;21;
541;2023-10;19;
189;2023-10;15;
112;2023-10;1;
199;2023-10;1;
317;2023-10;18;
528;2023-10;6;
618;2023-10;20;
107;2023-10;7;
255;2023-10;1;
470;2023-10;6;
421;2023-10;17;
605;2023-10;9;
289;2023-10;18;
49;2023-10;23;
188;2023-10;25;
651;2023-10;1;
46;2023-10;13;
190;2023-10;24;
553;2023-10;1;
223;2023-10;1;
86;2023-10;9;
56;2023-10;13;
175;2023-10;8;
581;2023-10;34;
476;2023-10;6;
458;2023-10;9;
192;2023-10;24;
200;2023-10;12;
136;2023-10;2;
167;2023-10;6;
545;2023-10;15;
232;2023-10;7;
656;2023-10;4;
93;2023-10;16;
445;2023-10;14;
100;2023-10;2;
381;2023-10;16;
584;2023-10;16;
41;2023-10;23;
293;2023-10;19;
398;2023-10;6;
379;2023-10;1;
587;2023-10;4;
567;2023-10;6;
304;2023-10;1;
544;2023-10;18;
547;2023-10;19;
350;2023-10;16;
235;2023-10;2;
6;2023-10;16;
131;2023-10;13;
103;2023-10;5;
348;2023-10;1;
433;2023-10;14;
424;2023-10;17;
296;2023-10;17;
169;2023-10;8;
391;2023-10;15;
493;2023-10;7;
219;2023-10;15;
330;2023-10;3;
403;2023-10;12;
383;2023-10;16;
165;2023-10;14;
374;2023-10;7;
448;2023-10;18;
221;2023-10;11;
457;2023-10;14;
367;2023-10;12;
474;2023-10;5;
325;2023-10;23;
240;2023-10;4;
507;2023-10;5;
370;2023-10;12;
123;2023-10;2;
574;2023-10;8;
588;2023-10;35;
77;2023-10;9;
368;2023-10;4;
622;2023-10;14;
342;2023-10;6;
137;2023-10;17;
565;2023-10;12;
53;2023-10;17;
554;2023-10;8;
252;2023-10;9;
644;2023-10;18;
373;2023-10;1;
155;2023-10;8;
504;2023-10;4;
68;2023-10;3;
626;2023-10;16;
341;2023-10;1;
132;2023-10;18;
491;2023-10;18;
85;2023-10;7;
297;2023-10;14;
621;2023-10;25;
623;2023-10;16;
345;2023-10;7;
495;2023-10;6;
453;2023-10;16;
635;2023-10;16;
39;2023-10;16;
138;2023-10;1;
590;2023-10;2;
98;2023-10;24;
134;2023-10;6;
405;2023-10;1;
344;2023-10;19;
45;2023-11;14;
430;2023-11;2;
187;2023-11;30;
2;2023-11;2;
300;2023-11;6;
428;2023-11;19;
543;2023-11;24;
18;2023-11;19;
181;2023-11;9;
540;2023-11;27;
19;2023-11;3;
186;2023-11;5;
176;2023-11;13;
106;2023-11;14;
105;2023-11;36;
202;2023-11;1;
43;2023-11;11;
59;2023-11;8;
535;2023-11;6;
519;2023-11;7;
63;2023-11;11;
258;2023-11;15;
227;2023-11;12;
104;2023-11;12;
429;2023-11;35;
179;2023-11;1;
10;2023-11;18;
16;2023-11;18;
55;2023-11;19;
400;2023-11;1;
171;2023-11;6;
314;2023-11;11;
34;2023-11;3;
655;2023-11;19;
290;2023-11;20;
577;2023-11;4;
42;2023-11;19;
141;2023-11;13;
81;2023-11;18;
462;2023-11;6;
548;2023-11;18;
69;2023-11;2;
461;2023-11;4;
197;2023-11;31;
530;2023-11;7;
172;2023-11;8;
115;2023-11;6;
54;2023-11;5;
454;2023-11;7;
230;2023-11;15;
425;2023-11;5;
399;2023-11;2;
3;2023-11;12;
652;2023-11;14;
332;2023-11;16;
52;2023-11;18;
12;2023-11;8;
539;2023-11;6;
580;2023-11;18;
372;2023-11;17;
521;2023-11;18;
301;2023-11;6;
61;2023-11;9;
146;2023-11;6;
203;2023-11;14;
320;2023-11;18;
92;2023-11;6;
572;2023-11;9;
552;2023-11;7;
267;2023-11;18;
475;2023-11;1;
195;2023-11;6;
102;2023-11;15;
413;2023-11;19;
27;2023-11;17;
198;2023-11;36;
649;2023-11;15;
233;2023-11;38;
419;2023-11;17;
246;2023-11;14;
44;2023-11;19;
133;2023-11;3;
256;2023-11;15;
30;2023-11;34;
208;2023-11;17;
416;2023-11;18;
288;2023-11;18;
260;2023-11;4;
337;2023-11;9;
191;2023-11;15;
617;2023-11;19;
14;2023-11;25;
315;2023-11;20;
173;2023-11;9;
23;2023-11;9;
452;2023-11;14;
279;2023-11;3;
551;2023-11;6;
389;2023-11;8;
417;2023-11;2;
207;2023-11;18;
1;2023-11;1;
8;2023-11;2;
51;2023-11;22;
479;2023-11;2;
357;2023-11;33;
414;2023-11;8;
537;2023-11;30;
360;2023-11;1;
160;2023-11;24;
393;2023-11;1;
444;2023-11;2;
533;2023-11;15;
402;2023-11;18;
609;2023-11;11;
427;2023-11;12;
58;2023-11;13;
541;2023-11;24;
189;2023-11;21;
94;2023-11;23;
250;2023-11;13;
559;2023-11;16;
528;2023-11;12;
254;2023-11;1;
107;2023-11;10;
231;2023-11;25;
657;2023-11;5;
421;2023-11;8;
257;2023-11;14;
641;2023-11;15;
289;2023-11;22;
170;2023-11;19;
46;2023-11;22;
396;2023-11;17;
553;2023-11;11;
351;2023-11;7;
17;2023-11;4;
67;2023-11;10;
598;2023-11;9;
236;2023-11;17;
586;2023-11;16;
192;2023-11;18;
178;2023-11;13;
167;2023-11;17;
299;2023-11;20;
65;2023-11;18;
101;2023-11;19;
100;2023-11;19;
60;2023-11;9;
531;2023-11;6;
177;2023-11;8;
422;2023-11;7;
612;2023-11;5;
538;2023-11;18;
584;2023-11;2;
272;2023-11;13;
451;2023-11;6;
75;2023-11;9;
41;2023-11;33;
333;2023-11;20;
159;2023-11;1;
392;2023-11;2;
379;2023-11;48;
48;2023-11;19;
47;2023-11;8;
304;2023-11;12;
361;2023-11;26;
244;2023-11;11;
243;2023-11;7;
235;2023-11;1;
582;2023-11;11;
103;2023-11;17;
549;2023-11;9;
563;2023-11;3;
296;2023-11;33;
648;2023-11;1;
439;2023-11;9;
493;2023-11;6;
215;2023-11;9;
403;2023-11;7;
124;2023-11;9;
653;2023-11;15;
448;2023-11;18;
206;2023-11;6;
121;2023-11;8;
347;2023-11;16;
638;2023-11;6;
151;2023-11;15;
574;2023-11;2;
624;2023-11;2;
237;2023-11;8;
326;2023-11;15;
597;2023-11;4;
640;2023-11;5;
636;2023-11;8;
346;2023-11;10;
387;2023-11;5;
252;2023-11;18;
595;2023-11;17;
566;2023-11;9;
364;2023-11;2;
411;2023-11;15;
611;2023-11;7;
468;2023-11;11;
614;2023-11;19;
147;2023-11;3;
349;2023-11;5;
274;2023-11;7;
341;2023-11;12;
415;2023-11;1;
495;2023-11;9;
405;2023-11;1;
616;2023-11;4;
464;2023-11;2;
306;2023-11;16;
441;2023-11;9;
139;2023-11;1;
277;2023-11;4;
321;2023-12;19;
45;2023-12;14;
193;2023-12;20;
187;2023-12;9;
579;2023-12;14;
2;2023-12;6;
184;2023-12;14;
428;2023-12;21;
543;2023-12;15;
261;2023-12;36;
18;2023-12;7;
181;2023-12;17;
278;2023-12;1;
19;2023-12;6;
162;2023-12;19;
186;2023-12;20;
106;2023-12;2;
105;2023-12;4;
43;2023-12;11;
519;2023-12;13;
455;2023-12;15;
258;2023-12;7;
646;2023-12;17;
104;2023-12;16;
429;2023-12;4;
10;2023-12;1;
557;2023-12;18;
194;2023-12;29;
55;2023-12;1;
210;2023-12;17;
291;2023-12;24;
34;2023-12;4;
72;2023-12;2;
13;2023-12;2;
534;2023-12;2;
318;2023-12;12;
459;2023-12;15;
577;2023-12;2;
42;2023-12;14;
161;2023-12;14;
329;2023-12;15;
141;2023-12;21;
73;2023-12;17;
50;2023-12;9;
384;2023-12;12;
69;2023-12;14;
394;2023-12;5;
461;2023-12;15;
487;2023-12;3;
21;2023-12;15;
54;2023-12;14;
129;2023-12;1;
84;2023-12;9;
20;2023-12;22;
29;2023-12;17;
425;2023-12;2;
3;2023-12;33;
52;2023-12;2;
174;2023-12;8;
12;2023-12;11;
539;2023-12;14;
580;2023-12;8;
213;2023-12;2;
521;2023-12;14;
61;2023-12;48;
92;2023-12;9;
185;2023-12;17;
460;2023-12;32;
316;2023-12;13;
572;2023-12;8;
116;2023-12;6;
195;2023-12;4;
79;2023-12;8;
413;2023-12;38;
27;2023-12;36;
9;2023-12;9;
5;2023-12;30;
140;2023-12;9;
198;2023-12;32;
520;2023-12;33;
82;2023-12;18;
419;2023-12;18;
44;2023-12;33;
256;2023-12;13;
30;2023-12;38;
260;2023-12;3;
311;2023-12;31;
337;2023-12;17;
412;2023-12;19;
251;2023-12;3;
259;2023-12;9;
7;2023-12;16;
334;2023-12;36;
527;2023-12;42;
196;2023-12;51;
532;2023-12;5;
262;2023-12;31;
191;2023-12;19;
57;2023-12;2;
420;2023-12;12;
182;2023-12;2;
14;2023-12;11;
331;2023-12;4;
173;2023-12;7;
310;2023-12;18;
615;2023-12;6;
270;2023-12;2;
323;2023-12;16;
25;2023-12;16;
551;2023-12;15;
417;2023-12;24;
89;2023-12;11;
432;2023-12;14;
207;2023-12;35;
15;2023-12;5;
1;2023-12;9;
8;2023-12;33;
51;2023-12;2;
414;2023-12;2;
26;2023-12;38;
164;2023-12;17;
393;2023-12;6;
533;2023-12;4;
249;2023-12;22;
308;2023-12;1;
312;2023-12;1;
427;2023-12;16;
95;2023-12;28;
313;2023-12;4;
434;2023-12;3;
58;2023-12;13;
189;2023-12;20;
31;2023-12;2;
250;2023-12;20;
199;2023-12;7;
305;2023-12;18;
317;2023-12;14;
528;2023-12;1;
618;2023-12;7;
601;2023-12;1;
254;2023-12;3;
255;2023-12;13;
231;2023-12;1;
657;2023-12;15;
492;2023-12;3;
170;2023-12;28;
49;2023-12;1;
188;2023-12;18;
190;2023-12;18;
396;2023-12;1;
220;2023-12;1;
86;2023-12;22;
17;2023-12;9;
67;2023-12;19;
90;2023-12;3;
591;2023-12;12;
476;2023-12;7;
295;2023-12;23;
498;2023-12;13;
573;2023-12;20;
442;2023-12;7;
586;2023-12;14;
458;2023-12;8;
192;2023-12;14;
282;2023-12;14;
178;2023-12;8;
382;2023-12;19;
93;2023-12;13;
144;2023-12;2;
445;2023-12;34;
101;2023-12;1;
245;2023-12;7;
286;2023-12;8;
177;2023-12;26;
143;2023-12;20;
41;2023-12;9;
542;2023-12;2;
96;2023-12;2;
619;2023-12;18;
386;2023-12;15;
388;2023-12;25;
392;2023-12;12;
293;2023-12;1;
587;2023-12;6;
560;2023-12;17;
243;2023-12;9;
637;2023-12;14;
6;2023-12;19;
4;2023-12;19;
180;2023-12;4;
424;2023-12;19;
298;2023-12;20;
169;2023-12;13;
303;2023-12;1;
36;2023-12;6;
493;2023-12;1;
383;2023-12;1;
336;2023-12;1;
322;2023-12;17;
242;2023-12;4;
448;2023-12;19;
367;2023-12;6;
474;2023-12;1;
347;2023-12;6;
507;2023-12;2;
499;2023-12;16;
91;2023-12;13;
634;2023-12;3;
606;2023-12;2;
125;2023-12;15;
588;2023-12;15;
77;2023-12;2;
237;2023-12;6;
326;2023-12;6;
284;2023-12;11;
502;2023-12;2;
275;2023-12;11;
589;2023-12;20;
463;2023-12;5;
516;2023-12;7;
280;2023-12;17;
110;2023-12;27;
633;2023-12;6;
85;2023-12;37;
118;2023-12;19;
623;2023-12;17;
345;2023-12;1;
453;2023-12;31;
635;2023-12;12;
39;2023-12;12;
138;2023-12;8;
590;2023-12;5;
344;2023-12;8;
616;2023-12;17;
464;2023-12;15;
306;2023-12;9;
441;2023-12;2;
139;2023-12;6;
277;2023-12;1;
193;2024-01;38;
428;2024-01;1;
162;2024-01;1;
186;2024-01;15;
176;2024-01;1;
105;2024-01;1;
43;2024-01;2;
10;2024-01;6;
163;2024-01;2;
194;2024-01;6;
571;2024-01;2;
55;2024-01;1;
400;2024-01;4;
546;2024-01;2;
72;2024-01;4;
534;2024-01;20;
459;2024-01;8;
141;2024-01;100;
69;2024-01;22;
197;2024-01;2;
530;2024-01;17;
426;2024-01;1;
604;2024-01;2;
129;2024-01;2;
401;2024-01;12;
425;2024-01;3;
52;2024-01;4;
174;2024-01;1;
529;2024-01;50;
213;2024-01;1;
268;2024-01;1;
203;2024-01;1;
195;2024-01;2;
79;2024-01;1;
413;2024-01;115;
649;2024-01;2;
246;2024-01;301;
260;2024-01;1;
335;2024-01;3;
311;2024-01;10;
337;2024-01;4;
259;2024-01;5;
196;2024-01;6;
431;2024-01;1;
397;2024-01;2;
270;2024-01;2;
117;2024-01;2;
389;2024-01;24;
488;2024-01;20;
89;2024-01;2;
432;2024-01;23;
363;2024-01;1;
26;2024-01;6;
160;2024-01;1;
609;2024-01;50;
95;2024-01;24;
189;2024-01;20;
250;2024-01;1;
199;2024-01;25;
618;2024-01;310;
657;2024-01;1;
421;2024-01;5;
49;2024-01;6;
190;2024-01;5;
351;2024-01;6;
220;2024-01;1;
175;2024-01;2;
598;2024-01;8;
446;2024-01;1;
282;2024-01;3;
382;2024-01;11;
286;2024-01;1;
60;2024-01;1;
78;2024-01;1;
584;2024-01;14;
272;2024-01;4;
127;2024-01;10;
392;2024-01;7;
398;2024-01;5;
587;2024-01;1;
33;2024-01;80;
6;2024-01;1;
582;2024-01;12;
424;2024-01;20;
296;2024-01;1;
298;2024-01;5;
391;2024-01;3;
403;2024-01;2;
242;2024-01;13;
367;2024-01;3;
145;2024-01;2;
240;2024-01;80;
91;2024-01;1;
634;2024-01;2;
125;2024-01;4;
284;2024-01;2;
494;2024-01;1;
636;2024-01;1;
346;2024-01;6;
137;2024-01;1;
341;2024-01;3;
515;2024-01;7;
358;2024-02;10;
543;2024-02;1;
18;2024-02;6;
19;2024-02;4;
186;2024-02;16;
142;2024-02;50;
106;2024-02;1;
43;2024-02;5;
338;2024-02;2;
535;2024-02;1;
519;2024-02;1300;
63;2024-02;12;
10;2024-02;23;
163;2024-02;3;
16;2024-02;1;
194;2024-02;2;
571;2024-02;15;
400;2024-02;1;
352;2024-02;6;
72;2024-02;1;
534;2024-02;6;
318;2024-02;15;
459;2024-02;15;
42;2024-02;15;
161;2024-02;2;
141;2024-02;300;
81;2024-02;5;
73;2024-02;2;
69;2024-02;6;
197;2024-02;3;
530;2024-02;1;
21;2024-02;1;
426;2024-02;2;
604;2024-02;1;
401;2024-02;2;
20;2024-02;1;
29;2024-02;2;
652;2024-02;1;
529;2024-02;36;
203;2024-02;6;
320;2024-02;1;
572;2024-02;2;
28;2024-02;2;
267;2024-02;2;
475;2024-02;12;
195;2024-02;5;
287;2024-02;4;
198;2024-02;35;
649;2024-02;1;
419;2024-02;1;
246;2024-02;100;
44;2024-02;20;
256;2024-02;402;
30;2024-02;1;
225;2024-02;3;
253;2024-02;5;
416;2024-02;1;
288;2024-02;1;
260;2024-02;1;
337;2024-02;5;
251;2024-02;3;
532;2024-02;4;
262;2024-02;1;
309;2024-02;2;
23;2024-02;5;
270;2024-02;1;
323;2024-02;50;
432;2024-02;32;
363;2024-02;10;
26;2024-02;5;
247;2024-02;500;
533;2024-02;2;
609;2024-02;175;
58;2024-02;1;
189;2024-02;2;
31;2024-02;6;
305;2024-02;5;
317;2024-02;15;
528;2024-02;6;
505;2024-02;245;
289;2024-02;1;
49;2024-02;12;
220;2024-02;2;
17;2024-02;4;
476;2024-02;175;
24;2024-02;5;
458;2024-02;3;
556;2024-02;5;
167;2024-02;1;
299;2024-02;1;
232;2024-02;1;
656;2024-02;4;
144;2024-02;5;
445;2024-02;2;
101;2024-02;5;
245;2024-02;300;
286;2024-02;18;
60;2024-02;1;
78;2024-02;1;
422;2024-02;14;
584;2024-02;15;
600;2024-02;4;
576;2024-02;3;
483;2024-02;2;
392;2024-02;9;
398;2024-02;5;
587;2024-02;6;
238;2024-02;6;
348;2024-02;24;
366;2024-02;1;
391;2024-02;11;
403;2024-02;2;
221;2024-02;5;
378;2024-02;3;
634;2024-02;9;
151;2024-02;4;
125;2024-02;5;
284;2024-02;4;
365;2024-02;80;
636;2024-02;4;
595;2024-02;2;
364;2024-02;40;
477;2024-02;1;
280;2024-02;3;
110;2024-02;20;
341;2024-02;1;
635;2024-02;3;
138;2024-02;5;
277;2024-02;3;
193;2024-03;25;
187;2024-03;1;
224;2024-03;40;
428;2024-03;2;
18;2024-03;4;
19;2024-03;4;
186;2024-03;8;
338;2024-03;2;
63;2024-03;68;
646;2024-03;120;
429;2024-03;3;
10;2024-03;15;
194;2024-03;16;
55;2024-03;1;
400;2024-03;5;
645;2024-03;40;
655;2024-03;50;
72;2024-03;2;
534;2024-03;14;
564;2024-03;10;
459;2024-03;25;
108;2024-03;10;
128;2024-03;1;
324;2024-03;40;
50;2024-03;40;
548;2024-03;1;
69;2024-03;15;
394;2024-03;7;
197;2024-03;1;
426;2024-03;2;
604;2024-03;2;
129;2024-03;2;
608;2024-03;4;
273;2024-03;40;
20;2024-03;2;
29;2024-03;10;
425;2024-03;5;
652;2024-03;1;
580;2024-03;40;
529;2024-03;36;
521;2024-03;8;
203;2024-03;10;
38;2024-03;30;
320;2024-03;40;
92;2024-03;4;
460;2024-03;101;
319;2024-03;1;
267;2024-03;10;
475;2024-03;12;
649;2024-03;1;
569;2024-03;10;
246;2024-03;600;
30;2024-03;1;
416;2024-03;4;
260;2024-03;3;
251;2024-03;1;
64;2024-03;40;
526;2024-03;1;
527;2024-03;5;
196;2024-03;4;
431;2024-03;2;
532;2024-03;1;
191;2024-03;1;
37;2024-03;6;
307;2024-03;5;
14;2024-03;3;
309;2024-03;2;
270;2024-03;1;
551;2024-03;100;
389;2024-03;9;
524;2024-03;40;
15;2024-03;3;
479;2024-03;2;
357;2024-03;40;
26;2024-03;14;
95;2024-03;4;
58;2024-03;3;
189;2024-03;10;
31;2024-03;6;
231;2024-03;250;
657;2024-03;50;
421;2024-03;5;
550;2024-03;80;
49;2024-03;8;
423;2024-03;6;
353;2024-03;20;
188;2024-03;2;
553;2024-03;5;
351;2024-03;1;
17;2024-03;2;
573;2024-03;11;
263;2024-03;4;
282;2024-03;6;
556;2024-03;3;
555;2024-03;2;
382;2024-03;10;
656;2024-03;4;
375;2024-03;1;
245;2024-03;300;
286;2024-03;1;
135;2024-03;3;
60;2024-03;50;
78;2024-03;1;
422;2024-03;12;
483;2024-03;6;
392;2024-03;9;
239;2024-03;6;
398;2024-03;7;
47;2024-03;5;
587;2024-03;15;
544;2024-03;6;
563;2024-03;10;
424;2024-03;20;
248;2024-03;500;
36;2024-03;2;
366;2024-03;5;
607;2024-03;2;
403;2024-03;2;
374;2024-03;8;
647;2024-03;200;
378;2024-03;3;
206;2024-03;1;
634;2024-03;5;
636;2024-03;26;
346;2024-03;1;
554;2024-03;2;
373;2024-03;6;
589;2024-03;40;
138;2024-03;5;
575;2024-04;4;
193;2024-04;1;
187;2024-04;1;
300;2024-04;5;
428;2024-04;4;
543;2024-04;7;
540;2024-04;8;
278;2024-04;4;
162;2024-04;23;
186;2024-04;8;
142;2024-04;100;
105;2024-04;3;
229;2024-04;4;
535;2024-04;25;
519;2024-04;23;
455;2024-04;1;
258;2024-04;1;
429;2024-04;1;
10;2024-04;1;
16;2024-04;2;
194;2024-04;20;
55;2024-04;5;
400;2024-04;3;
314;2024-04;20;
643;2024-04;14;
443;2024-04;15;
546;2024-04;5;
534;2024-04;4;
459;2024-04;105;
161;2024-04;66;
214;2024-04;1;
50;2024-04;4;
80;2024-04;1;
384;2024-04;250;
548;2024-04;6;
69;2024-04;6;
394;2024-04;24;
461;2024-04;19;
197;2024-04;4;
530;2024-04;5;
115;2024-04;5;
21;2024-04;1;
377;2024-04;80;
129;2024-04;4;
613;2024-04;5;
230;2024-04;10;
425;2024-04;2;
652;2024-04;6;
539;2024-04;20;
61;2024-04;10;
203;2024-04;7;
475;2024-04;13;
79;2024-04;3;
482;2024-04;32;
198;2024-04;40;
649;2024-04;6;
233;2024-04;5;
569;2024-04;4;
419;2024-04;3;
133;2024-04;2;
256;2024-04;4;
30;2024-04;2;
208;2024-04;2;
260;2024-04;2;
447;2024-04;3;
337;2024-04;2;
610;2024-04;1;
526;2024-04;60;
371;2024-04;5;
196;2024-04;3;
431;2024-04;2;
532;2024-04;4;
262;2024-04;10;
37;2024-04;1;
617;2024-04;80;
315;2024-04;15;
173;2024-04;115;
270;2024-04;11;
481;2024-04;72;
389;2024-04;10;
276;2024-04;20;
417;2024-04;3;
15;2024-04;2;
479;2024-04;60;
26;2024-04;2;
164;2024-04;37;
444;2024-04;44;
308;2024-04;10;
95;2024-04;2;
313;2024-04;110;
434;2024-04;75;
58;2024-04;2;
541;2024-04;2;
506;2024-04;20;
31;2024-04;1;
266;2024-04;5;
657;2024-04;1;
421;2024-04;9;
605;2024-04;4;
257;2024-04;1;
289;2024-04;5;
49;2024-04;28;
423;2024-04;7;
642;2024-04;4;
353;2024-04;2;
351;2024-04;5;
220;2024-04;16;
223;2024-04;10;
523;2024-04;32;
175;2024-04;17;
32;2024-04;5;
295;2024-04;5;
473;2024-04;40;
282;2024-04;5;
136;2024-04;2;
167;2024-04;13;
232;2024-04;2;
375;2024-04;5;
445;2024-04;5;
100;2024-04;1;
135;2024-04;24;
60;2024-04;10;
78;2024-04;3;
585;2024-04;3;
422;2024-04;3;
143;2024-04;1;
538;2024-04;8;
584;2024-04;5;
483;2024-04;200;
388;2024-04;40;
392;2024-04;6;
222;2024-04;5;
398;2024-04;5;
327;2024-04;5;
379;2024-04;10;
130;2024-04;35;
238;2024-04;1;
547;2024-04;20;
637;2024-04;5;
350;2024-04;4;
4;2024-04;1;
582;2024-04;31;
549;2024-04;3;
120;2024-04;4;
424;2024-04;5;
296;2024-04;15;
303;2024-04;2;
607;2024-04;10;
330;2024-04;5;
403;2024-04;2;
165;2024-04;25;
242;2024-04;4;
448;2024-04;2;
378;2024-04;3;
450;2024-04;5;
474;2024-04;30;
121;2024-04;4;
347;2024-04;5;
507;2024-04;6;
593;2024-04;12;
125;2024-04;4;
574;2024-04;2;
275;2024-04;3;
636;2024-04;4;
346;2024-04;1;
595;2024-04;25;
614;2024-04;4;
341;2024-04;1;
621;2024-04;8;
623;2024-04;4;
495;2024-04;8;
616;2024-04;4;
277;2024-04;10;
661;2024-04;34;
662;2024-04;30;
663;2024-04;4;
193;2024-05;10;
428;2024-05;7;
543;2024-05;3;
18;2024-05;2;
181;2024-05;2;
540;2024-05;2;
186;2024-05;65;
105;2024-05;1;
338;2024-05;3;
59;2024-05;116;
63;2024-05;2;
10;2024-05;2;
163;2024-05;5;
16;2024-05;1;
194;2024-05;20;
390;2024-05;200;
72;2024-05;1;
290;2024-05;5;
459;2024-05;83;
329;2024-05;5;
376;2024-05;2;
548;2024-05;4;
69;2024-05;8;
461;2024-05;4;
197;2024-05;2;
530;2024-05;6;
54;2024-05;5;
377;2024-05;10;
426;2024-05;2;
604;2024-05;3;
401;2024-05;3;
425;2024-05;1;
652;2024-05;1;
234;2024-05;4;
529;2024-05;1;
372;2024-05;5;
268;2024-05;1;
70;2024-05;2;
316;2024-05;10;
116;2024-05;6;
287;2024-05;6;
649;2024-05;1;
246;2024-05;260;
30;2024-05;1;
225;2024-05;5;
208;2024-05;6;
416;2024-05;2;
260;2024-05;2;
412;2024-05;10;
610;2024-05;1;
490;2024-05;20;
371;2024-05;30;
196;2024-05;1;
431;2024-05;1;
191;2024-05;2;
420;2024-05;15;
617;2024-05;1;
397;2024-05;1;
14;2024-05;15;
309;2024-05;10;
270;2024-05;3;
525;2024-05;8;
279;2024-05;55;
389;2024-05;28;
276;2024-05;15;
449;2024-05;1;
160;2024-05;10;
228;2024-05;5;
393;2024-05;200;
444;2024-05;1;
328;2024-05;10;
71;2024-05;5;
421;2024-05;5;
492;2024-05;5;
49;2024-05;23;
46;2024-05;5;
17;2024-05;3;
175;2024-05;510;
591;2024-05;4;
498;2024-05;12;
148;2024-05;2;
282;2024-05;1;
200;2024-05;2;
555;2024-05;2;
167;2024-05;375;
93;2024-05;15;
65;2024-05;5;
100;2024-05;1;
286;2024-05;2;
135;2024-05;51;
60;2024-05;2;
585;2024-05;2;
422;2024-05;15;
584;2024-05;14;
451;2024-05;150;
41;2024-05;1;
517;2024-05;24;
392;2024-05;9;
602;2024-05;4;
544;2024-05;4;
243;2024-05;750;
6;2024-05;50;
303;2024-05;1;
478;2024-05;1;
404;2024-05;4;
219;2024-05;12;
407;2024-05;16;
450;2024-05;250;
503;2024-05;400;
302;2024-05;1;
264;2024-05;5;
634;2024-05;2;
326;2024-05;10;
284;2024-05;1;
494;2024-05;5;
636;2024-05;10;
342;2024-05;4;
53;2024-05;9;
504;2024-05;200;
68;2024-05;5;
118;2024-05;4;
635;2024-05;2;
134;2024-05;12;
660;2024-05;3;
510;2024-05;4;
193;2024-06;1;
428;2024-06;8;
162;2024-06;2;
338;2024-06;5;
59;2024-06;7;
519;2024-06;1300;
10;2024-06;18;
163;2024-06;8;
16;2024-06;3;
194;2024-06;1;
400;2024-06;4;
216;2024-06;1;
72;2024-06;1;
459;2024-06;21;
141;2024-06;50;
461;2024-06;2;
530;2024-06;16;
652;2024-06;1;
52;2024-06;6;
203;2024-06;8;
116;2024-06;3;
195;2024-06;5;
198;2024-06;1300;
649;2024-06;1;
109;2024-06;5;
419;2024-06;4;
30;2024-06;2;
416;2024-06;3;
260;2024-06;5;
335;2024-06;2;
337;2024-06;3;
527;2024-06;20;
196;2024-06;1;
57;2024-06;1;
420;2024-06;4;
270;2024-06;2;
117;2024-06;1;
389;2024-06;4;
15;2024-06;5;
26;2024-06;11;
58;2024-06;7;
641;2024-06;4;
49;2024-06;17;
423;2024-06;4;
351;2024-06;1;
220;2024-06;4;
17;2024-06;1;
558;2024-06;10;
148;2024-06;2;
282;2024-06;5;
556;2024-06;30;
136;2024-06;2;
60;2024-06;2;
78;2024-06;10;
587;2024-06;11;
111;2024-06;5;
544;2024-06;3;
637;2024-06;2;
131;2024-06;1;
549;2024-06;4;
36;2024-06;5;
653;2024-06;200;
242;2024-06;100;
367;2024-06;15;
603;2024-06;2;
284;2024-06;1;
633;2024-06;1;
345;2024-06;1;
635;2024-06;4;
562;2024-06;12;
321;2024-07;3;
575;2024-07;3;
209;2024-07;200;
45;2024-07;4;
187;2024-07;2;
496;2024-07;7;
428;2024-07;10;
18;2024-07;21;
540;2024-07;4;
19;2024-07;31;
186;2024-07;6;
176;2024-07;1;
105;2024-07;1;
202;2024-07;1;
338;2024-07;1;
455;2024-07;5;
63;2024-07;5;
258;2024-07;5;
646;2024-07;20;
227;2024-07;5;
104;2024-07;30;
429;2024-07;10;
179;2024-07;40;
355;2024-07;70;
10;2024-07;5;
163;2024-07;6;
16;2024-07;1;
194;2024-07;52;
171;2024-07;20;
210;2024-07;30;
645;2024-07;35;
385;2024-07;30;
469;2024-07;33;
72;2024-07;9;
459;2024-07;24;
577;2024-07;5;
161;2024-07;3;
214;2024-07;1;
141;2024-07;250;
548;2024-07;3;
69;2024-07;70;
394;2024-07;100;
197;2024-07;5;
530;2024-07;26;
22;2024-07;10;
426;2024-07;6;
604;2024-07;1;
129;2024-07;4;
454;2024-07;15;
401;2024-07;5;
230;2024-07;5;
425;2024-07;1;
399;2024-07;2;
332;2024-07;5;
174;2024-07;2;
234;2024-07;1;
529;2024-07;5;
521;2024-07;10;
408;2024-07;15;
203;2024-07;4;
460;2024-07;25;
572;2024-07;6;
28;2024-07;100;
319;2024-07;1;
475;2024-07;4;
5;2024-07;6;
649;2024-07;20;
569;2024-07;2;
30;2024-07;5;
594;2024-07;16;
288;2024-07;5;
447;2024-07;10;
356;2024-07;20;
335;2024-07;3;
337;2024-07;1;
153;2024-07;100;
251;2024-07;1;
522;2024-07;8;
156;2024-07;340;
196;2024-07;4;
11;2024-07;2;
191;2024-07;3;
57;2024-07;5;
331;2024-07;10;
615;2024-07;25;
270;2024-07;1;
217;2024-07;4;
25;2024-07;5;
452;2024-07;1;
154;2024-07;20;
15;2024-07;2;
211;2024-07;20;
599;2024-07;8;
414;2024-07;10;
164;2024-07;20;
592;2024-07;2;
360;2024-07;5;
444;2024-07;5;
533;2024-07;5;
95;2024-07;5;
541;2024-07;1;
317;2024-07;100;
601;2024-07;3;
255;2024-07;15;
470;2024-07;1000;
657;2024-07;2;
49;2024-07;15;
632;2024-07;90;
212;2024-07;130;
220;2024-07;4;
86;2024-07;30;
17;2024-07;2;
558;2024-07;4;
67;2024-07;41;
122;2024-07;20;
581;2024-07;425;
631;2024-07;20;
573;2024-07;2;
442;2024-07;120;
586;2024-07;5;
166;2024-07;30;
435;2024-07;100;
354;2024-07;80;
149;2024-07;4;
136;2024-07;1;
382;2024-07;70;
545;2024-07;60;
299;2024-07;1;
656;2024-07;10;
375;2024-07;3;
340;2024-07;2;
245;2024-07;20;
286;2024-07;6;
135;2024-07;4;
486;2024-07;12;
60;2024-07;19;
381;2024-07;40;
422;2024-07;15;
612;2024-07;1;
440;2024-07;50;
339;2024-07;10;
386;2024-07;50;
392;2024-07;7;
304;2024-07;1;
568;2024-07;45;
235;2024-07;1;
582;2024-07;5;
549;2024-07;5;
467;2024-07;330;
303;2024-07;1;
439;2024-07;30;
625;2024-07;28;
343;2024-07;4;
639;2024-07;1;
215;2024-07;12;
403;2024-07;3;
514;2024-07;40;
383;2024-07;5;
336;2024-07;40;
124;2024-07;10;
410;2024-07;4;
630;2024-07;100;
206;2024-07;1;
325;2024-07;5;
507;2024-07;35;
409;2024-07;15;
123;2024-07;40;
634;2024-07;6;
574;2024-07;2;
624;2024-07;80;
588;2024-07;5;
77;2024-07;5;
152;2024-07;850;
284;2024-07;6;
597;2024-07;4;
622;2024-07;24;
640;2024-07;3;
636;2024-07;8;
565;2024-07;540;
570;2024-07;240;
387;2024-07;100;
155;2024-07;490;
411;2024-07;15;
468;2024-07;40;
280;2024-07;1;
147;2024-07;4;
626;2024-07;6;
438;2024-07;40;
349;2024-07;4;
620;2024-07;4;
132;2024-07;10;
491;2024-07;1;
345;2024-07;20;
590;2024-07;6;
98;2024-07;4;
405;2024-07;3;
344;2024-07;8;
441;2024-07;40;
484;2024-07;4;
97;2024-07;1;
509;2024-07;1;
575;2024-08;25;
209;2024-08;500;
187;2024-08;136;
543;2024-08;5;
186;2024-08;9;
106;2024-08;1;
105;2024-08;1;
63;2024-08;50;
355;2024-08;175;
163;2024-08;5;
16;2024-08;4;
194;2024-08;6;
571;2024-08;5;
216;2024-08;1;
210;2024-08;75;
34;2024-08;40;
385;2024-08;75;
469;2024-08;575;
72;2024-08;3;
13;2024-08;15;
459;2024-08;14;
141;2024-08;500;
462;2024-08;20;
548;2024-08;2;
461;2024-08;27;
530;2024-08;5;
129;2024-08;4;
401;2024-08;3;
652;2024-08;1;
52;2024-08;10;
12;2024-08;1;
213;2024-08;5;
146;2024-08;5;
203;2024-08;1;
319;2024-08;3;
195;2024-08;20;
102;2024-08;5;
649;2024-08;1;
569;2024-08;2;
416;2024-08;2;
260;2024-08;4;
356;2024-08;50;
153;2024-08;250;
251;2024-08;4;
205;2024-08;48;
610;2024-08;2;
156;2024-08;850;
196;2024-08;2;
191;2024-08;3;
37;2024-08;5;
119;2024-08;1;
270;2024-08;2;
389;2024-08;9;
417;2024-08;2;
154;2024-08;50;
207;2024-08;1;
211;2024-08;50;
51;2024-08;25;
26;2024-08;5;
249;2024-08;1;
312;2024-08;1;
58;2024-08;1;
362;2024-08;10;
254;2024-08;25;
657;2024-08;1;
49;2024-08;14;
188;2024-08;15;
651;2024-08;200;
632;2024-08;225;
212;2024-08;325;
351;2024-08;3;
380;2024-08;5;
17;2024-08;1;
122;2024-08;50;
631;2024-08;10;
573;2024-08;2;
442;2024-08;300;
435;2024-08;250;
148;2024-08;5;
354;2024-08;200;
282;2024-08;3;
556;2024-08;2;
136;2024-08;5;
555;2024-08;1;
232;2024-08;5;
100;2024-08;5;
286;2024-08;13;
135;2024-08;1;
143;2024-08;10;
542;2024-08;10;
440;2024-08;125;
386;2024-08;125;
239;2024-08;20;
304;2024-08;13;
361;2024-08;5;
561;2024-08;1;
582;2024-08;8;
467;2024-08;165;
303;2024-08;1;
439;2024-08;75;
391;2024-08;1;
514;2024-08;5;
124;2024-08;50;
378;2024-08;3;
630;2024-08;250;
206;2024-08;1;
634;2024-08;6;
406;2024-08;4;
574;2024-08;5;
237;2024-08;5;
152;2024-08;2125;
418;2024-08;4;
284;2024-08;4;
275;2024-08;15;
346;2024-08;5;
565;2024-08;1350;
570;2024-08;600;
387;2024-08;250;
252;2024-08;50;
155;2024-08;1225;
468;2024-08;20;
438;2024-08;100;
415;2024-08;8;
590;2024-08;10;
441;2024-08;100;
659;2024-08;2;
430;2024-09;1000;
579;2024-09;5;
18;2024-09;10;
540;2024-09;1;
186;2024-09;23;
285;2024-09;8;
105;2024-09;1;
10;2024-09;16;
16;2024-09;3;
194;2024-09;4;
400;2024-09;10;
546;2024-09;48;
459;2024-09;2;
577;2024-09;5;
161;2024-09;1;
73;2024-09;5;
80;2024-09;6;
461;2024-09;2;
197;2024-09;3;
465;2024-09;60;
530;2024-09;23;
401;2024-09;4;
399;2024-09;1;
652;2024-09;1;
174;2024-09;1;
234;2024-09;2;
268;2024-09;5;
70;2024-09;50;
460;2024-09;2;
552;2024-09;124;
195;2024-09;3;
287;2024-09;120;
198;2024-09;2;
649;2024-09;3;
569;2024-09;10;
256;2024-09;41;
416;2024-09;2;
335;2024-09;7;
337;2024-09;5;
251;2024-09;50;
196;2024-09;1;
532;2024-09;20;
113;2024-09;2380;
395;2024-09;100;
270;2024-09;2;
452;2024-09;5;
389;2024-09;20;
15;2024-09;9;
26;2024-09;8;
592;2024-09;20;
537;2024-09;20;
402;2024-09;5;
95;2024-09;4;
541;2024-09;1;
189;2024-09;5;
629;2024-09;4;
466;2024-09;52;
250;2024-09;20;
528;2024-09;2;
421;2024-09;7;
66;2024-09;12;
49;2024-09;5;
423;2024-09;6;
220;2024-09;4;
236;2024-09;5;
573;2024-09;1;
282;2024-09;3;
299;2024-09;2;
375;2024-09;3;
286;2024-09;10;
135;2024-09;3;
422;2024-09;2;
437;2024-09;100;
271;2024-09;50;
576;2024-09;11;
48;2024-09;5;
471;2024-09;10;
587;2024-09;10;
480;2024-09;60;
637;2024-09;9;
131;2024-09;5;
103;2024-09;1;
433;2024-09;5;
648;2024-09;200;
391;2024-09;1;
639;2024-09;1;
242;2024-09;32;
378;2024-09;1;
638;2024-09;4;
634;2024-09;10;
125;2024-09;4;
583;2024-09;2;
284;2024-09;4;
241;2024-09;500;
137;2024-09;1;
472;2024-09;44;
274;2024-09;4;
633;2024-09;5;
635;2024-09;100;
464;2024-09;84;
518;2024-09;16;
321;2024-10;250;
193;2024-10;26;
2;2024-10;30;
184;2024-10;5;
428;2024-10;2;
261;2024-10;5;
18;2024-10;55;
540;2024-10;500;
162;2024-10;35;
186;2024-10;5;
106;2024-10;5;
202;2024-10;5;
338;2024-10;3;
519;2024-10;100;
646;2024-10;1;
10;2024-10;8;
163;2024-10;12;
557;2024-10;8;
194;2024-10;20;
216;2024-10;5;
352;2024-10;10;
546;2024-10;120;
645;2024-10;100;
655;2024-10;500;
72;2024-10;5;
534;2024-10;5;
564;2024-10;60;
459;2024-10;14;
161;2024-10;500;
376;2024-10;2;
50;2024-10;425;
80;2024-10;5;
487;2024-10;10;
530;2024-10;20;
172;2024-10;250;
604;2024-10;2;
129;2024-10;4;
84;2024-10;40;
204;2024-10;8;
20;2024-10;600;
230;2024-10;5;
3;2024-10;560;
652;2024-10;201;
174;2024-10;10;
12;2024-10;5;
529;2024-10;1000;
301;2024-10;5;
70;2024-10;150;
489;2024-10;40;
92;2024-10;50;
460;2024-10;301;
572;2024-10;5;
319;2024-10;5;
552;2024-10;310;
475;2024-10;100;
287;2024-10;502;
9;2024-10;1;
140;2024-10;12;
198;2024-10;60;
649;2024-10;1;
520;2024-10;20;
82;2024-10;800;
246;2024-10;500;
133;2024-10;5;
256;2024-10;200;
208;2024-10;80;
288;2024-10;1;
260;2024-10;1;
251;2024-10;50;
610;2024-10;7;
7;2024-10;2;
334;2024-10;5;
64;2024-10;100;
371;2024-10;10;
196;2024-10;1;
35;2024-10;40;
532;2024-10;110;
191;2024-10;5;
201;2024-10;20;
307;2024-10;5;
397;2024-10;10;
62;2024-10;100;
395;2024-10;500;
456;2024-10;10;
310;2024-10;10;
270;2024-10;2;
117;2024-10;1;
389;2024-10;23;
417;2024-10;8;
89;2024-10;600;
168;2024-10;5;
432;2024-10;10;
207;2024-10;20;
15;2024-10;1;
26;2024-10;6;
449;2024-10;1;
592;2024-10;100;
537;2024-10;100;
249;2024-10;1;
88;2024-10;20;
126;2024-10;250;
427;2024-10;1000;
95;2024-10;4;
58;2024-10;2;
541;2024-10;25;
31;2024-10;5;
466;2024-10;130;
250;2024-10;20;
528;2024-10;1;
657;2024-10;101;
421;2024-10;13;
492;2024-10;100;
257;2024-10;10;
170;2024-10;5;
49;2024-10;7;
76;2024-10;40;
396;2024-10;10;
553;2024-10;400;
351;2024-10;1;
86;2024-10;4;
17;2024-10;2;
558;2024-10;10;
56;2024-10;5;
90;2024-10;250;
631;2024-10;15;
446;2024-10;5;
578;2024-10;200;
573;2024-10;10;
458;2024-10;50;
436;2024-10;16;
497;2024-10;40;
157;2024-10;80;
282;2024-10;1;
556;2024-10;7;
200;2024-10;40;
178;2024-10;15;
555;2024-10;30;
299;2024-10;5;
245;2024-10;300;
286;2024-10;10;
60;2024-10;202;
531;2024-10;50;
422;2024-10;7;
74;2024-10;12;
500;2024-10;15;
612;2024-10;5;
538;2024-10;5;
584;2024-10;9;
75;2024-10;4;
437;2024-10;500;
333;2024-10;10;
619;2024-10;10;
576;2024-10;5;
159;2024-10;20;
392;2024-10;13;
293;2024-10;20;
398;2024-10;15;
150;2024-10;24;
471;2024-10;25;
587;2024-10;1;
480;2024-10;150;
567;2024-10;4;
244;2024-10;1500;
544;2024-10;5;
560;2024-10;8;
369;2024-10;4;
561;2024-10;60;
226;2024-10;5;
549;2024-10;30;
563;2024-10;100;
467;2024-10;30;
180;2024-10;15;
83;2024-10;60;
169;2024-10;30;
478;2024-10;5;
281;2024-10;8;
493;2024-10;5;
322;2024-10;125;
242;2024-10;458;
448;2024-10;10;
501;2024-10;32;
603;2024-10;5;
378;2024-10;10;
206;2024-10;1;
99;2024-10;8;
302;2024-10;5;
499;2024-10;20;
91;2024-10;600;
634;2024-10;16;
606;2024-10;8;
368;2024-10;4;
294;2024-10;4;
583;2024-10;25;
502;2024-10;5;
283;2024-10;8;
241;2024-10;250;
158;2024-10;12;
137;2024-10;2;
53;2024-10;50;
554;2024-10;25;
566;2024-10;32;
463;2024-10;280;
468;2024-10;5;
472;2024-10;110;
491;2024-10;150;
85;2024-10;8;
453;2024-10;14;
635;2024-10;100;
306;2024-10;1;
659;2024-10;150;
658;2024-10;100;
508;2024-10;24;
193;2024-11;10;
428;2024-11;8;
186;2024-11;25;
142;2024-11;250;
10;2024-11;3;
163;2024-11;3;
16;2024-11;8;
194;2024-11;45;
128;2024-11;10;
548;2024-11;2;
530;2024-11;17;
87;2024-11;60;
129;2024-11;1;
425;2024-11;15;
70;2024-11;25;
203;2024-11;1;
596;2024-11;12;
460;2024-11;1000;
116;2024-11;50;
195;2024-11;10;
79;2024-11;1;
419;2024-11;15;
416;2024-11;15;
288;2024-11;100;
260;2024-11;2;
337;2024-11;10;
359;2024-11;5;
251;2024-11;37;
7;2024-11;2;
64;2024-11;50;
196;2024-11;2;
431;2024-11;15;
11;2024-11;30;
191;2024-11;5;
62;2024-11;50;
117;2024-11;5;
114;2024-11;5;
217;2024-11;30;
417;2024-11;30;
15;2024-11;4;
1;2024-11;5;
26;2024-11;9;
449;2024-11;5;
58;2024-11;1;
94;2024-11;35;
559;2024-11;24;
421;2024-11;13;
49;2024-11;18;
423;2024-11;6;
353;2024-11;5;
351;2024-11;5;
220;2024-11;120;
86;2024-11;60;
282;2024-11;1;
375;2024-11;15;
245;2024-11;900;
135;2024-11;10;
60;2024-11;50;
531;2024-11;150;
422;2024-11;8;
96;2024-11;25;
576;2024-11;15;
392;2024-11;37;
587;2024-11;37;
536;2024-11;60;
582;2024-11;9;
83;2024-11;20;
265;2024-11;5;
242;2024-11;200;
378;2024-11;5;
206;2024-11;5;
125;2024-11;5;
284;2024-11;15;
640;2024-11;25;
53;2024-11;100;
477;2024-11;5;
341;2024-11;2;
297;2024-11;16;
509;2024-11;21;
485;2024-11;2;
513;2024-11;18;
512;2024-11;16;
45;2024-12;60;
193;2024-12;10;
496;2024-12;20;
428;2024-12;40;
181;2024-12;10;
183;2024-12;340;
19;2024-12;60;
186;2024-12;72;
176;2024-12;30;
105;2024-12;5;
338;2024-12;5;
59;2024-12;500;
519;2024-12;3000;
646;2024-12;410;
10;2024-12;5;
163;2024-12;25;
16;2024-12;20;
291;2024-12;15;
645;2024-12;60;
218;2024-12;4;
564;2024-12;265;
459;2024-12;212;
214;2024-12;15;
376;2024-12;25;
548;2024-12;10;
461;2024-12;70;
197;2024-12;5;
530;2024-12;88;
21;2024-12;85;
426;2024-12;10;
604;2024-12;5;
129;2024-12;5;
84;2024-12;30;
401;2024-12;10;
399;2024-12;5;
269;2024-12;5;
652;2024-12;8;
234;2024-12;6;
203;2024-12;31;
650;2024-12;200;
185;2024-12;125;
195;2024-12;10;
79;2024-12;5;
27;2024-12;190;
9;2024-12;5;
140;2024-12;500;
649;2024-12;87;
44;2024-12;60;
260;2024-12;5;
335;2024-12;5;
7;2024-12;20;
196;2024-12;18;
191;2024-12;15;
119;2024-12;5;
420;2024-12;5;
617;2024-12;250;
182;2024-12;5;
615;2024-12;60;
270;2024-12;9;
389;2024-12;35;
15;2024-12;22;
8;2024-12;5;
26;2024-12;5;
249;2024-12;5;
312;2024-12;30;
95;2024-12;50;
58;2024-12;15;
250;2024-12;5;
112;2024-12;15;
528;2024-12;655;
107;2024-12;365;
657;2024-12;5;
421;2024-12;60;
654;2024-12;20;
49;2024-12;60;
423;2024-12;31;
220;2024-12;20;
292;2024-12;25;
17;2024-12;5;
40;2024-12;16;
175;2024-12;30;
628;2024-12;32;
192;2024-12;125;
282;2024-12;12;
556;2024-12;35;
555;2024-12;5;
340;2024-12;10;
286;2024-12;190;
135;2024-12;5;
60;2024-12;12;
177;2024-12;20;
585;2024-12;10;
422;2024-12;40;
584;2024-12;60;
41;2024-12;1000;
392;2024-12;35;
398;2024-12;10;
587;2024-12;15;
238;2024-12;60;
561;2024-12;230;
235;2024-12;5;
4;2024-12;5;
582;2024-12;5;
103;2024-12;335;
83;2024-12;15;
303;2024-12;5;
391;2024-12;10;
639;2024-12;10;
403;2024-12;5;
514;2024-12;75;
242;2024-12;1000;
457;2024-12;185;
145;2024-12;5;
370;2024-12;120;
634;2024-12;10;
284;2024-12;5;
636;2024-12;10;
137;2024-12;5;
644;2024-12;48;
611;2024-12;20;
516;2024-12;280;
280;2024-12;5;
627;2024-12;80;
626;2024-12;15;
341;2024-12;15;
85;2024-12;10;
635;2024-12;30;
39;2024-12;72;
138;2024-12;5;
306;2024-12;5;
139;2024-12;112;
510;2024-12;3;
511;2024-12;3;
